Category,Date,Time,All_Time,Time_1,Time_2,Time_3,All_Amp,Amp_1,Amp_2,Amp_3
0,1130118,1345,5,1,1,3,141,130,141,57
2,1130121,945,5,1,3,1,78,46,57,78
5,1130121,1145,6,3,1,2,91,57,70,91
1,1130122,945,6,1,2,3,91,78,91,64
6,1130123,945,10,2,3,5,143,91,143,116
2,1130123,1245,11,3,5,3,116,64,116,74
6,1130123,1345,9,5,3,1,116,116,63,21
4,1130124,945,5,3,1,1,163,74,21,110
3,1130124,1145,4,1,1,2,110,21,14,103
7,1130125,1045,7,1,2,4,123,110,103,116
3,1130128,945,10,2,4,4,116,103,97,110
7,1130128,1245,11,4,4,3,116,116,110,36
8,1130130,1145,16,4,3,9,247,110,247,173
2,1130131,1045,16,3,9,4,173,36,173,81
9,1130204,1245,25,9,4,12,266,173,266,174
2,1130205,945,18,4,12,2,174,81,174,84
9,1130206,945,19,12,2,5,174,174,172,82
4,1130206,1145,9,2,5,2,84,84,82,19
8,1130206,1245,8,5,2,1,84,82,84,21
2,1130206,1345,4,2,1,1,61,19,21,61
5,1130218,945,3,1,1,1,87,21,47,87
1,1130218,1145,4,1,1,2,87,61,87,65
6,1130219,1045,7,1,2,4,87,87,79,57
4,1130219,1145,7,2,4,1,65,65,57,25
8,1130220,945,8,4,1,3,110,57,110,78
2,1130220,1045,5,1,3,1,78,25,78,40
9,1130220,1345,7,3,1,3,82,78,82,44
2,1130222,945,10,1,3,6,124,40,44,124
5,1130222,1245,12,3,6,3,124,44,-7,73
10,1130222,1345,10,6,3,1,124,124,73,44
8,1130223,1345,9,3,1,5,91,73,91,62
2,1130225,1045,8,1,5,2,62,44,62,59
6,1130225,1145,8,5,2,1,62,62,36,33
4,1130226,945,6,2,1,3,132,59,33,106
3,1130226,1045,5,1,3,1,106,33,-15,58
10,1130227,945,8,3,1,4,106,106,58,58
8,1130301,945,10,1,4,5,88,58,88,88
1,1130304,1345,18,4,5,9,123,58,88,123
5,1130305,1045,16,5,9,2,123,88,27,62
7,1130305,1145,12,9,2,1,123,123,62,18
8,1130306,945,6,2,1,3,171,62,171,127
2,1130307,945,9,1,3,5,127,18,127,77
9,1130308,1245,16,3,5,8,161,127,161,111
2,1130311,945,15,5,8,2,111,77,111,39
6,1130311,1245,13,8,2,3,147,111,147,75
2,1130312,1345,11,2,3,6,85,39,75,85
5,1130313,945,10,3,6,1,85,75,42,52
7,1130313,1145,9,6,1,2,117,85,52,84
3,1130313,1345,5,1,2,2,84,52,27,59
7,1130314,945,5,2,2,1,94,84,59,69
3,1130314,1245,6,2,1,3,69,59,22,32
7,1130314,1345,5,1,3,1,69,69,32,25
8,1130315,945,5,3,1,1,45,32,45,38
2,1130315,1045,3,1,1,1,76,25,38,76
5,1130315,1145,3,1,1,1,76,38,23,61
7,1130318,1345,9,1,1,7,196,76,61,181
3,1130319,1245,12,1,7,4,181,61,-58,62
10,1130320,945,13,7,4,2,196,181,62,77
3,1130320,1045,7,4,2,1,77,62,52,67
7,1130320,1145,4,2,1,1,77,77,67,33
8,1130320,1245,3,1,1,1,67,67,62,28
4,1130321,945,4,1,1,2,61,33,28,56
3,1130321,1045,4,1,2,1,56,28,7,35
7,1130321,1145,4,2,1,1,56,56,35,26
8,1130321,1245,3,1,1,1,35,35,27,18
4,1130322,945,4,1,1,2,52,26,18,44
3,1130325,945,8,1,2,5,101,18,75,101
1,1130325,1045,8,2,5,1,101,44,101,39
9,1130325,1345,9,5,1,3,101,101,88,26
4,1130326,1045,6,1,3,2,43,39,26,30
3,1130326,1245,7,3,2,2,30,26,22,26
7,1130327,945,6,2,2,2,30,30,26,21
8,1130327,1045,5,2,2,1,54,26,54,49
2,1130328,1345,11,2,1,8,56,21,49,56
5,1130401,945,15,1,8,6,122,49,115,122
1,1130402,945,19,8,6,5,122,56,122,67
6,1130402,1045,12,6,5,1,122,122,104,49
4,1130402,1345,9,5,1,3,67,67,49,36
8,1130403,945,5,1,3,1,78,49,78,65
2,1130403,1045,5,3,1,1,65,36,65,43
6,1130403,1345,5,1,1,3,65,65,50,28
4,1130408,1045,6,1,3,2,218,43,28,203
3,1130408,1245,7,3,2,2,203,28,-143,32
10,1130409,945,6,2,2,2,221,203,32,50
3,1130409,1045,5,2,2,1,50,32,15,33
7,1130409,1245,5,2,1,2,70,50,33,53
3,1130410,945,5,1,2,2,53,33,28,48
7,1130410,1345,8,2,2,4,53,53,48,32
8,1130412,945,12,2,4,6,135,48,135,119
2,1130415,1145,17,4,6,7,119,32,119,103
6,1130415,1345,15,6,7,2,119,119,53,37
4,1130416,945,10,7,2,1,139,103,37,73
3,1130417,1145,10,2,1,7,110,37,74,110
1,1130417,1245,9,1,7,1,110,73,110,28
9,1130417,1345,9,7,1,1,116,110,116,34
2,1130418,945,3,1,1,1,109,28,34,109
5,1130418,1045,3,1,1,1,109,34,0,75
7,1130418,1345,5,1,1,3,109,109,75,38
8,1130422,945,10,1,3,6,276,75,276,239
2,1130423,1145,16,3,6,7,239,38,239,80
9,1130424,1145,18,6,7,5,278,239,278,119
2,1130425,945,15,7,5,3,119,80,119,45
6,1130425,1145,10,5,3,2,119,119,113,39
4,1130425,1345,7,3,2,2,45,45,39,23
8,1130426,1045,6,2,2,2,96,39,96,80
2,1130426,1345,7,2,2,3,80,23,80,70
6,1130429,1045,7,2,3,2,80,80,56,46
4,1130429,1145,6,3,2,1,70,70,46,28
8,1130430,945,6,2,1,3,126,46,126,108
2,1130502,945,9,1,3,5,108,28,108,39
9,1130502,1245,11,3,5,3,113,108,113,44
2,1130502,1345,9,5,3,1,44,39,44,15
6,1130503,945,5,3,1,1,91,44,91,62
2,1130503,1245,5,1,1,3,62,15,62,55
6,1130506,945,6,1,3,2,97,62,97,90
2,1130506,1145,7,3,2,2,90,55,90,55
6,1130506,1245,5,2,2,1,90,90,53,18
4,1130507,945,5,2,1,2,59,55,18,22
3,1130508,1045,9,1,2,6,152,18,148,152
1,1130508,1145,9,2,6,1,152,22,152,56
9,1130509,1045,11,6,1,4,180,152,180,84
2,1130509,1145,6,1,4,1,84,56,84,28
9,1130509,1245,6,4,1,1,84,84,75,19
4,1130510,945,4,1,1,2,50,28,19,41
3,1130510,1045,4,1,2,1,41,19,7,29
7,1130510,1245,5,2,1,2,41,41,29,28
8,1130513,945,5,1,2,2,34,29,34,33
2,1130513,1145,6,2,2,2,85,28,33,85
5,1130514,945,7,2,2,3,85,33,26,78
7,1130514,1145,7,2,3,2,85,85,78,63
8,1130515,945,8,3,2,3,82,78,82,67
2,1130515,1045,6,2,3,1,67,63,67,51
6,1130516,1245,11,3,1,7,196,67,196,180
2,1130517,945,10,1,7,2,180,51,180,49
9,1130517,1045,10,7,2,1,180,180,163,32
4,1130520,945,7,2,1,4,99,49,32,82
3,1130521,1045,11,1,4,6,100,32,50,100
1,1130521,1145,11,4,6,1,100,82,100,84
6,1130522,945,10,6,1,3,108,100,108,92
2,1130523,1345,13,1,3,9,239,84,92,239
5,1130524,945,13,3,9,1,239,92,-109,38
10,1130524,1345,14,9,1,4,303,239,38,102
3,1130528,945,11,1,4,6,137,38,73,137
1,1130529,945,15,4,6,5,137,102,137,37
6,1130529,1245,14,6,5,3,199,137,199,99
2,1130530,1145,12,5,3,4,141,37,99,141
5,1130531,945,10,3,4,3,141,99,96,138
7,1130603,945,12,4,3,5,253,141,138,250
3,1130603,1245,11,3,5,3,250,138,1,113
7,1130605,945,15,5,3,7,250,250,113,81
8,1130605,1045,11,3,7,1,113,113,104,72
4,1130606,945,12,7,1,4,144,81,72,135
3,1130607,945,10,1,4,5,135,72,-14,49
10,1130607,1245,12,4,5,3,147,135,49,61
3,1130610,1045,11,5,3,3,136,49,124,136
1,1130611,1145,12,3,3,6,136,61,136,78
6,1130611,1345,11,3,6,2,136,136,85,27
4,1130613,1345,13,6,2,5,254,78,27,203
3,1130614,945,8,2,5,1,203,27,-122,54
10,1130614,1245,9,5,1,3,229,203,54,80
3,1130618,945,11,1,3,7,80,54,54,80
1,1130618,1045,11,3,7,1,80,80,80,48
8,1130618,1145,9,7,1,1,106,80,106,74
2,1130618,1345,4,1,1,2,74,48,74,26
9,1130619,945,4,1,2,1,101,74,101,53
2,1130619,1045,4,2,1,1,53,26,53,51
6,1130619,1345,5,1,1,3,53,53,39,37
4,1130621,945,10,1,3,6,449,51,37,435
3,1130621,1045,10,3,6,1,435,37,-307,91
10,1130621,1245,9,6,1,2,435,435,91,58
8,1130621,1345,4,1,2,1,91,91,86,53
4,1130624,1045,5,2,1,2,78,58,53,73
3,1130625,1045,8,1,2,5,81,53,61,81
1,1130625,1245,9,2,5,2,103,73,81,103
5,1130626,945,9,5,2,2,109,81,87,109
1,1130626,1045,5,2,2,1,109,103,109,80
6,1130627,945,7,2,1,4,166,109,166,137
2,1130627,1345,9,1,4,4,137,80,137,34
9,1130702,945,19,4,4,11,311,137,311,208
2,1130702,1045,16,4,11,1,208,34,208,40
9,1130702,1145,13,11,1,1,208,208,196,28
4,1130703,1345,9,1,1,7,114,40,28,102
3,1130704,945,9,1,7,1,102,28,-31,43
10,1130704,1045,9,7,1,1,106,102,43,47
3,1130704,1145,3,1,1,1,62,43,58,62
1,1130704,1345,4,1,1,2,62,47,62,31
6,1130705,1245,7,1,2,4,177,62,177,146
2,1130708,1245,12,2,4,6,159,31,146,159
5,1130710,1045,17,4,6,7,197,146,184,197
1,1130710,1345,16,6,7,3,197,159,197,96
6,1130712,945,16,7,3,6,359,197,359,258
2,1130712,1145,11,3,6,2,258,96,258,38
9,1130715,1045,12,6,2,4,317,258,317,97
2,1130715,1245,8,2,4,2,97,38,97,68
6,1130716,945,8,4,2,2,97,97,89,60
4,1130716,1045,5,2,2,1,68,68,60,37
8,1130717,945,7,2,1,4,87,60,87,64
2,1130717,1045,6,1,4,1,64,37,64,55
6,1130717,1345,8,4,1,3,64,64,51,42
4,1130718,1145,7,1,3,3,169,55,42,156
3,1130718,1345,8,3,3,2,156,42,-86,28
10,1130719,1245,9,3,2,4,291,156,28,163
3,1130722,1045,9,2,4,3,163,28,-35,100
10,1130722,1245,9,4,3,2,163,163,100,40
8,1130723,1145,9,3,2,4,203,100,203,143
2,1130724,1045,10,2,4,4,143,40,143,56
9,1130725,945,12,4,4,4,145,143,145,58
2,1130725,1145,10,4,4,2,58,56,58,55
6,1130725,1245,7,4,2,1,58,58,34,31
4,1130726,945,5,2,1,2,70,55,31,46
3,1130726,1245,6,1,2,3,46,31,13,28
7,1130729,1345,11,2,3,6,117,46,28,99
3,1130730,1145,12,3,6,3,128,28,57,128
1,1130731,1145,14,6,3,5,128,99,128,75
6,1130731,1345,10,3,5,2,128,128,77,24
4,1130801,945,8,5,2,1,145,75,24,94
3,1130802,945,8,2,1,5,146,24,76,146
1,1130802,1145,8,1,5,2,146,94,146,98
6,1130802,1345,9,5,2,2,146,146,80,32
4,1130805,945,5,2,2,1,124,98,32,58
3,1130805,1245,6,2,1,3,86,32,60,86
1,1130806,1045,7,1,3,3,136,58,86,136
5,1130806,1345,9,3,3,3,136,86,-23,27
10,1130807,1345,11,3,3,5,263,136,27,154
3,1130808,1145,11,3,5,3,154,27,-79,48
10,1130809,945,11,5,3,3,190,154,48,84
3,1130809,1045,7,3,3,1,84,48,37,73
7,1130809,1145,5,3,1,1,91,84,73,80
3,1130812,1145,7,1,1,5,80,73,73,80
1,1130812,1245,7,1,5,1,80,80,80,30
8,1130814,945,13,5,1,7,158,80,158,108
2,1130814,1145,10,1,7,2,108,30,108,72
9,1130814,1345,11,7,2,2,108,108,79,43
4,1130815,945,5,2,2,1,155,72,43,126
3,1130815,1045,4,2,1,1,126,43,-10,73
10,1130816,945,6,1,1,4,131,126,73,78
3,1130816,1145,7,1,4,2,144,73,139,144
1,1130819,945,9,4,2,3,144,78,144,89
6,1130819,1045,6,2,3,1,144,144,103,48
4,1130819,1245,6,3,1,2,89,89,48,31
8,1130820,1045,6,1,2,3,65,48,65,48
2,1130822,945,9,2,3,4,225,31,48,225
5,1130822,1345,11,3,4,4,225,48,-49,128
10,1130823,945,9,4,4,1,225,225,128,70
8,1130823,1245,8,4,1,3,128,128,121,63
4,1130823,1345,5,1,3,1,70,70,63,33
8,1130826,1045,6,3,1,2,91,63,91,61
2,1130828,945,12,1,2,9,166,33,61,166
5,1130828,1045,12,2,9,1,166,61,-11,94
10,1130828,1245,12,9,1,2,166,166,94,40
8,1130830,945,10,1,2,7,234,94,234,180
2,1130830,1045,10,2,7,1,180,40,180,32
9,1130903,945,17,7,1,9,347,180,347,199
2,1130903,1145,12,1,9,2,199,32,199,38
9,1130903,1245,12,9,2,1,199,199,183,22
4,1130904,1045,6,2,1,3,74,38,22,58
3,1130906,1145,15,1,3,11,148,22,112,148
1,1130909,945,17,3,11,3,148,58,148,58
9,1130910,945,19,11,3,5,215,148,215,125
2,1130910,1145,10,3,5,2,125,58,125,84
6,1130911,945,10,5,2,3,125,125,105,64
4,1130911,1045,6,2,3,1,89,84,64,69
3,1130912,1045,9,3,1,5,86,64,81,86
1,1130912,1245,8,1,5,2,86,69,86,36
6,1130913,945,9,5,2,2,86,86,84,34
4,1130913,1345,8,2,2,4,71,36,34,69
3,1130914,945,7,2,4,1,69,34,-2,33
10,1130914,1345,9,4,1,4,69,69,33,30
8,1130916,1345,10,1,4,5,113,33,113,110
2,1130917,945,10,4,5,1,110,30,110,50
9,1130918,945,11,5,1,5,119,110,119,59
2,1130918,1045,7,1,5,1,59,50,59,32
6,1130918,1145,7,5,1,1,59,59,40,13
4,1130918,1245,3,1,1,1,45,32,13,26
3,1130918,1345,3,1,1,1,26,13,8,21
7,1130923,945,3,1,1,1,69,26,21,64
3,1130923,1145,4,1,1,2,89,21,46,89
1,1130924,1145,8,1,2,5,89,64,89,48
6,1130924,1345,9,2,5,2,91,89,91,50
2,1130925,945,8,5,2,1,50,48,50,49
6,1130925,1045,4,2,1,1,50,50,37,36
4,1130926,1345,10,1,1,8,115,49,36,102
3,1130927,945,10,1,8,1,102,36,-15,51
10,1130927,1045,10,8,1,1,102,102,51,31
8,1130927,1345,5,1,1,3,51,51,35,15
4,1130930,1045,6,1,3,2,124,31,15,108
3,1131001,1045,10,3,2,5,108,15,-1,92
10,1131001,1245,9,2,5,2,108,108,92,34
8,1131002,945,9,5,2,2,109,92,109,51
2,1131002,1045,5,2,2,1,51,34,51,35
6,1131003,1245,10,2,1,7,244,51,244,228
2,1131004,945,10,1,7,2,228,35,228,40
9,1131004,1145,11,7,2,2,236,228,236,48
2,1131007,945,7,2,2,3,97,40,48,97
5,1131007,1345,9,2,3,4,97,48,-18,31
10,1131008,945,8,3,4,1,102,97,31,36
3,1131008,1345,9,4,1,4,92,31,87,92
1,1131009,945,6,1,4,1,92,36,92,64
6,1131009,1045,6,4,1,1,92,92,86,58
4,1131009,1345,5,1,1,3,64,64,58,48
8,1131011,945,5,1,3,1,131,58,131,121
2,1131014,1045,10,3,1,6,177,48,121,177
5,1131014,1245,9,1,6,2,177,121,-20,36
10,1131014,1345,9,6,2,1,177,177,36,26
8,1131015,1045,5,2,1,2,112,36,112,102
2,1131016,1345,11,1,2,8,102,26,102,45
9,1131017,945,11,2,8,1,139,102,139,82
2,1131017,1145,11,8,1,2,82,45,82,66
6,1131021,945,11,1,2,8,105,82,105,89
2,1131022,945,15,2,8,5,93,66,89,93
5,1131022,1145,15,8,5,2,93,89,67,71
7,1131024,945,15,5,2,8,119,93,71,97
3,1131024,1345,14,2,8,4,97,71,48,74
7,1131025,1145,15,8,4,3,132,97,74,109
3,1131028,1045,11,4,3,4,119,74,84,119
1,1131029,945,11,3,4,4,119,109,119,51
6,1131029,1045,9,4,4,1,144,119,144,76
2,1131029,1145,6,4,1,1,76,51,76,62
6,1131030,945,5,1,1,3,101,76,101,87
2,1131031,945,9,1,3,5,87,62,87,52
6,1131031,1145,10,3,5,2,92,87,92,57
2,1131031,1345,9,5,2,2,57,52,57,39
6,1131101,945,5,2,2,1,68,57,68,50
2,1131104,1145,10,2,1,7,163,39,50,163
5,1131105,945,11,1,7,3,163,50,-73,40
10,1131105,1045,11,7,3,1,209,163,40,86
3,1131105,1245,6,3,1,2,86,40,-15,31
10,1131105,1345,4,1,2,1,98,86,31,43
3,1131106,945,4,2,1,1,43,31,21,33
7,1131106,1045,3,1,1,1,67,43,33,57
3,1131106,1145,3,1,1,1,57,33,28,52
7,1131107,1145,7,1,1,5,64,57,52,59
3,1131107,1345,8,1,5,2,59,52,32,39
7,1131108,945,8,5,2,1,62,59,39,42
3,1131108,1045,4,2,1,1,48,39,45,48
1,1131111,1345,10,1,1,8,90,42,48,90
5,1131112,945,10,1,8,1,90,48,26,68
7,1131112,1245,12,8,1,3,97,90,68,75
3,1131112,1345,5,1,3,1,75,68,45,52
7,1131113,1345,9,3,1,5,146,75,52,123
3,1131114,945,7,1,5,1,123,52,-26,45
10,1131114,1045,7,5,1,1,139,123,45,61
3,1131114,1145,3,1,1,1,72,45,56,72
1,1131114,1345,4,1,1,2,72,61,72,34
6,1131115,1145,6,1,2,3,129,72,129,91
2,1131115,1345,7,2,3,2,91,34,91,56
9,1131118,1045,7,3,2,2,100,91,100,65
2,1131118,1145,5,2,2,1,65,56,65,45
6,1131120,945,11,2,1,8,100,65,100,80
2,1131121,1345,18,1,8,9,196,45,80,196
5,1131122,1145,20,8,9,3,196,80,-68,48
10,1131122,1345,14,9,3,2,196,196,48,27
8,1131125,945,6,3,2,1,156,48,156,135
2,1131126,945,8,2,1,5,135,27,135,64
9,1131128,1145,18,1,5,12,309,135,309,238
2,1131128,1245,18,5,12,1,238,64,238,24
9,1131202,1045,21,12,1,8,293,238,293,79
2,1131202,1145,10,1,8,1,79,24,79,48
9,1131202,1345,11,8,1,2,79,79,47,16
4,1131203,945,4,1,2,1,69,48,16,37
3,1131203,1245,6,2,1,3,46,16,25,46
1,1131204,945,6,1,3,2,52,37,46,52
5,1131204,1145,7,3,2,2,77,46,71,77
1,1131205,1145,9,2,2,5,97,52,77,97
5,1131205,1345,9,2,5,2,97,77,23,43
7,1131206,945,8,5,2,1,97,97,43,41
8,1131206,1245,6,2,1,3,57,43,57,55
2,1131206,1345,5,1,3,1,55,41,55,34
6,1131209,1045,6,3,1,2,141,55,141,120
2,1131210,945,7,1,2,4,120,34,120,68
9,1131211,945,11,2,4,5,135,120,135,83
2,1131212,1145,16,4,5,7,152,68,83,152
5,1131212,1345,14,5,7,2,152,83,-31,38
10,1131213,945,10,7,2,1,158,152,38,44
3,1131213,1245,6,2,1,3,52,38,46,52
1,1131216,1145,8,1,3,4,79,44,52,79
5,1131217,945,10,3,4,3,79,52,33,60
7,1131218,1345,16,4,3,9,79,79,60,47
8,1131219,945,13,3,9,1,106,60,106,93
2,1131219,1145,12,9,1,2,93,47,93,60
6,1131220,1145,8,1,2,5,93,93,90,57
4,1131220,1345,9,2,5,2,60,60,57,19
8,1131223,1045,9,5,2,2,124,57,124,86
2,1131224,945,8,2,2,4,86,19,86,33
9,1131224,1145,8,2,4,2,86,86,78,25
4,1131224,1345,8,4,2,2,33,33,25,12
8,1131225,945,5,2,2,1,42,25,42,29
2,1131225,1245,6,2,1,3,29,12,29,14
9,1131231,945,21,1,3,17,189,29,189,174
2,1140102,1145,27,3,17,7,174,14,174,79
9,1140102,1345,26,17,7,2,174,174,128,33
4,1140103,1145,12,7,2,3,134,79,33,88
3,1140103,1245,6,2,3,1,88,33,-38,17
10,1140106,1045,7,3,1,3,115,88,17,44
3,1140106,1145,5,1,3,1,44,17,15,42
7,1140106,1345,6,3,1,2,44,44,42,33
8,1140107,1245,7,1,2,4,72,42,72,63
2,1140107,1345,7,2,4,1,63,33,63,31
6,1140108,1045,7,4,1,2,87,63,87,55
2,1140108,1145,4,1,2,1,55,31,55,27
6,1140108,1345,5,2,1,2,55,55,44,16
4,1140109,945,4,1,2,1,71,27,16,60
3,1140109,1045,4,2,1,1,60,16,1,45
7,1140109,1245,4,1,1,2,74,60,45,59
3,1140110,1045,6,1,2,3,59,45,20,34
7,1140110,1245,7,2,3,2,59,59,34,17
8,1140113,945,7,3,2,2,115,34,115,98
2,1140113,1145,6,2,2,2,98,17,98,63
9,1140113,1245,5,2,2,1,98,98,50,15
4,1140114,945,5,2,1,2,115,63,15,67
3,1140114,1245,6,1,2,3,67,15,-13,39
10,1140114,1345,6,2,3,1,67,67,39,12
8,1140116,945,10,3,1,6,148,39,148,121
2,1140117,1045,13,1,6,6,121,12,121,85
9,1140120,1045,17,6,6,5,121,121,93,57
4,1140120,1145,12,6,5,1,85,85,57,24
8,1140121,945,9,5,1,3,70,57,70,37
2,1140121,1045,5,1,3,1,37,24,37,36
6,1140121,1245,6,3,1,2,37,37,19,18
4,1140122,945,5,1,2,2,62,36,18,44
3,1140122,1045,5,2,2,1,49,18,23,49
1,1140122,1245,5,2,1,2,49,44,49,17
6,1140123,945,5,1,2,2,65,49,65,33
2,1140124,945,9,2,2,5,99,17,33,99
5,1140124,1045,8,2,5,1,99,33,12,78
7,1140127,945,10,5,1,4,198,99,78,177
3,1140127,1145,7,1,4,2,177,78,-56,43
10,1140205,1145,11,4,2,5,433,177,43,299
3,1140206,1145,12,2,5,5,299,43,-160,96
10,1140206,1245,11,5,5,1,299,299,96,25
8,1140207,1045,9,5,1,3,177,96,177,106
2,1140207,1345,7,1,3,3,106,25,106,36
9,1140210,945,7,3,3,1,136,106,136,66
2,1140211,945,9,3,1,5,66,36,66,57
6,1140212,1345,15,1,5,9,159,66,159,150
2,1140213,1045,16,5,9,2,150,57,150,47
9,1140213,1145,12,9,2,1,150,150,129,26
4,1140213,1345,5,2,1,2,53,47,26,32
3,1140214,1045,5,1,2,2,125,26,119,125
1,1140214,1345,7,2,2,3,125,32,125,66
9,1140217,945,6,2,3,1,125,125,114,55
4,1140217,1145,6,3,1,2,66,66,55,43
8,1140217,1245,4,1,2,1,55,55,34,22
4,1140218,1045,6,2,1,3,51,43,22,30
3,1140219,1045,9,1,3,5,63,22,55,63
1,1140219,1145,9,3,5,1,63,30,63,22
9,1140219,1345,8,5,1,2,63,63,52,11
4,1140220,1345,8,1,2,5,86,22,11,75
3,1140224,945,13,2,5,6,122,11,58,122
1,1140224,1245,14,5,6,3,122,75,122,71
6,1140225,945,11,6,3,2,125,122,125,74
2,1140225,1045,6,3,2,1,74,71,74,43
6,1140226,1145,9,2,1,6,93,74,93,62
2,1140227,945,10,1,6,3,62,43,62,25
6,1140227,1245,12,6,3,3,66,62,66,29
2,1140303,1045,9,3,3,3,121,25,29,121
5,1140304,945,10,3,3,4,121,29,-20,72
10,1140304,1045,8,3,4,1,121,121,72,43
8,1140304,1245,7,4,1,2,72,72,55,26
4,1140304,1345,4,1,2,1,43,43,26,18
8,1140305,945,4,2,1,1,108,26,108,100
2,1140305,1045,3,1,1,1,100,18,100,37
9,1140307,1045,12,1,1,10,225,100,225,162
2,1140310,945,16,1,10,5,162,37,162,118
9,1140310,1145,16,10,5,1,162,162,77,33
4,1140310,1245,7,5,1,1,118,118,33,24
8,1140311,945,4,1,1,2,69,33,69,60
2,1140311,1045,4,1,2,1,60,24,60,45
6,1140311,1345,6,2,1,3,60,60,52,37
4,1140312,945,5,1,3,1,78,45,37,70
3,1140312,1145,6,3,1,2,70,37,-8,25
10,1140312,1245,4,1,2,1,70,70,25,19
8,1140313,1045,6,2,1,3,111,25,111,105
2,1140314,945,8,1,3,4,105,19,105,85
9,1140317,945,12,3,4,5,105,105,64,44
4,1140317,1345,13,4,5,4,85,85,44,40
8,1140318,945,10,5,4,1,80,44,80,76
2,1140320,1245,18,4,1,13,190,40,76,190
5,1140321,945,16,1,13,2,190,76,-77,37
10,1140321,1245,18,13,2,3,193,190,37,40
3,1140328,945,27,2,3,22,218,37,215,218
1,1140328,1345,29,3,22,4,218,40,218,47
9,1140331,945,27,22,4,1,222,218,222,51
2,1140331,1045,6,4,1,1,51,47,51,46
6,1140402,945,11,1,1,9,159,51,159,154
2,1140403,1045,16,1,9,6,154,46,154,43
9,1140403,1345,18,9,6,3,154,154,135,24
4,1140407,945,10,6,3,1,85,43,24,66
3,1140410,945,19,3,1,15,136,24,94,136
1,1140410,1045,17,1,15,1,136,66,136,73
6,1140410,1345,19,15,1,3,136,136,114,51
4,1140411,945,5,1,3,1,95,73,51,73
3,1140411,1045,5,3,1,1,73,51,25,47
7,1140411,1145,3,1,1,1,77,73,47,51
3,1140414,945,5,1,1,3,51,47,41,45
7,1140414,1145,6,1,3,2,51,51,45,28
8,1140414,1245,6,3,2,1,45,45,31,14
4,1140414,1345,4,2,1,1,30,28,14,16
3,1140415,1045,4,1,1,2,47,14,45,47
1,1140415,1245,5,1,2,2,47,16,47,18
9,1140416,1345,10,2,2,6,101,47,101,72
2,1140417,1045,10,2,6,2,84,18,72,84
5,1140418,945,12,6,2,4,100,72,88,100
1,1140418,1145,8,2,4,2,100,84,100,54
6,1140418,1345,8,4,2,2,100,100,56,10
4,1140421,1045,6,2,2,2,69,54,10,25
3,1140423,945,13,2,2,9,77,10,62,77
1,1140423,1245,14,2,9,3,77,25,77,70
6,1140424,1045,15,9,3,3,77,77,39,32
4,1140428,945,15,3,3,9,290,70,32,252
3,1140429,945,17,3,9,5,252,32,-60,160
10,1140429,1045,15,9,5,1,252,252,160,41
8,1140430,945,10,5,1,4,167,160,167,48
2,1140430,1345,9,1,4,4,107,41,48,107
5,1140502,945,9,4,4,1,107,48,34,93
7,1140502,1245,8,4,1,3,107,107,93,31
8,1140505,945,6,1,3,2,138,93,138,76
2,1140505,1045,6,3,2,1,86,31,76,86
5,1140506,1245,10,2,1,7,87,76,77,87
1,1140507,1045,11,1,7,3,87,86,87,80
6,1140509,945,19,7,3,9,87,87,87,80
2,1140512,945,17,3,9,5,99,80,80,99
5,1140512,1145,16,9,5,2,99,80,20,39
7,1140512,1245,8,5,2,1,99,99,39,32
8,1140513,945,5,2,1,2,85,39,85,78
2,1140513,1245,6,1,2,3,78,32,78,54
6,1140514,945,7,2,3,2,78,78,65,41
4,1140514,1045,6,3,2,1,54,54,41,32
8,1140515,945,7,2,1,4,66,41,66,57
2,1140516,1045,11,1,4,6,71,32,57,71
5,1140519,1245,17,4,6,7,85,57,71,85
1,1140519,1345,14,6,7,1,85,71,85,15
6,1140520,1045,10,7,1,2,110,85,110,40
2,1140521,945,7,1,2,4,40,15,40,39
6,1140521,1145,8,2,4,2,40,40,23,22
4,1140521,1345,8,4,2,2,76,39,22,59
3,1140526,1245,18,2,2,14,199,22,162,199
1,1140527,945,18,2,14,2,199,59,199,24
9,1140529,945,26,14,2,10,299,199,299,124
2,1140529,1045,13,2,10,1,124,24,124,30
9,1140529,1245,13,10,1,2,124,124,111,17
4,1140530,1345,9,1,2,6,63,30,17,50
3,1140603,945,9,2,6,1,50,17,14,47
7,1140603,1045,8,6,1,1,75,50,47,72
3,1140604,945,6,1,1,4,72,47,38,63
7,1140605,945,10,1,4,5,72,72,63,50
8,1140606,945,14,4,5,5,97,63,97,84
2,1140606,1245,13,5,5,3,84,50,84,38
6,1140609,1145,12,5,3,4,84,84,81,35
4,1140609,1345,9,3,4,2,38,38,35,13
8,1140610,1345,11,4,2,5,82,35,82,60
2,1140611,945,8,2,5,1,60,13,60,19
9,1140611,1045,7,5,1,1,60,60,59,18
4,1140612,945,6,1,1,4,21,19,18,20
3,1140612,1145,7,1,4,2,21,18,19,21
1,1140612,1245,7,4,2,1,21,20,21,10
6,1140612,1345,4,2,1,1,34,21,34,23
2,1140613,945,3,1,1,1,59,10,23,59
5,1140613,1345,6,1,1,4,59,23,7,43
7,1140616,945,6,1,4,1,59,59,43,24
8,1140618,945,15,4,1,10,108,43,108,89
2,1140618,1245,14,1,10,3,89,24,89,56
9,1140618,1345,14,10,3,1,132,89,132,99
2,1140619,945,5,3,1,1,126,56,99,126
5,1140619,1245,5,1,1,3,126,99,29,56
7,1140623,945,11,1,3,7,142,126,56,72
3,1140623,1045,11,3,7,1,72,56,25,41
7,1140623,1245,10,7,1,2,86,72,41,55
3,1140624,1045,6,1,2,3,55,41,33,47
7,1140625,945,9,2,3,4,69,55,47,61
3,1140626,1145,14,3,4,7,100,47,86,100
1,1140626,1345,13,4,7,2,100,61,100,16
9,1140627,1045,11,7,2,2,107,100,107,23
2,1140627,1345,7,2,2,3,39,16,23,39
5,1140701,1145,14,2,3,9,196,23,180,196
1,1140701,1345,13,3,9,1,196,39,196,30
9,1140702,1045,12,9,1,2,283,196,283,117
2,1140702,1245,5,1,2,2,178,30,117,178
5,1140704,945,11,2,2,7,184,117,123,184
1,1140707,1045,15,2,7,6,184,178,184,96
6,1140708,1345,21,7,6,8,184,184,182,94
4,1140709,1045,16,6,8,2,96,96,94,56
8,1140710,1345,18,8,2,8,158,94,158,120
2,1140711,945,11,2,8,1,120,56,120,36
9,1140711,1045,10,8,1,1,130,120,130,46
2,1140711,1245,4,1,1,2,116,36,46,116
5,1140714,1045,6,1,2,3,116,46,9,79
7,1140714,1145,6,2,3,1,116,116,79,26
8,1140715,945,7,3,1,3,131,79,131,78
2,1140715,1245,7,1,3,3,78,26,78,47
9,1140716,945,8,3,3,2,78,78,61,30
4,1140717,1145,12,3,2,7,255,47,30,238
3,1140717,1345,11,2,7,2,238,30,-174,34
10,1140718,945,10,7,2,1,283,238,34,79
3,1140718,1045,4,2,1,1,91,34,46,91
1,1140718,1145,3,1,1,1,91,79,91,37
6,1140721,945,5,1,1,3,125,91,125,71
2,1140721,1145,6,1,3,2,71,37,71,50
6,1140724,945,13,3,2,8,134,71,134,113
2,1140724,1245,13,2,8,3,113,50,113,37
9,1140724,1345,12,8,3,1,114,113,114,38
2,1140728,945,10,3,1,6,128,37,38,128
5,1140728,1045,8,1,6,1,128,38,-10,80
10,1140728,1245,9,6,1,2,128,128,80,54
8,1140729,945,5,1,2,2,104,80,104,78
2,1140729,1245,7,2,2,3,103,54,78,103
5,1140730,1045,8,2,3,3,103,78,61,86
7,1140730,1245,8,3,3,2,103,103,86,35
8,1140731,945,7,3,2,2,95,86,95,44
2,1140801,945,9,2,2,5,229,35,44,229
5,1140801,1245,10,2,5,3,229,44,-130,55
10,1140804,945,10,5,3,2,229,229,55,31
8,1140804,1345,9,3,2,4,88,55,88,64
2,1140806,1145,14,2,4,8,238,31,64,238
5,1140807,945,15,4,8,3,238,64,-99,75
10,1140807,1045,12,8,3,1,238,238,75,69
8,1140807,1145,5,3,1,1,75,75,55,49
4,1140808,1045,6,1,1,4,143,69,49,123
3,1140811,1145,11,1,4,6,171,49,97,171
1,1140812,945,13,4,6,3,171,123,171,59
6,1140812,1045,10,6,3,1,171,171,167,55
4,1140812,1145,5,3,1,1,59,59,55,46
8,1140814,945,10,1,1,8,150,55,150,141
2,1140815,1045,15,1,8,6,141,46,141,99
6,1140818,945,18,8,6,4,141,141,111,69
4,1140818,1145,12,6,4,2,127,99,69,97
3,1140820,1145,16,4,2,10,159,69,131,159
1,1140820,1245,13,2,10,1,159,97,159,37
9,1140820,1345,12,10,1,1,159,159,157,35
4,1140821,1045,4,1,1,2,85,37,35,83
3,1140821,1145,4,1,2,1,83,35,-2,46
10,1140821,1245,4,2,1,1,83,83,46,39
8,1140822,1245,7,1,1,5,188,46,188,181
2,1140825,945,8,1,5,2,181,39,181,23
9,1140826,945,12,5,2,5,201,181,201,43
2,1140826,1345,11,2,5,4,43,23,43,20
9,1140827,1145,12,5,4,3,133,43,133,110
2,1140827,1345,9,4,3,2,110,20,110,37
9,1140828,945,6,3,2,1,112,110,112,39
2,1140828,1145,5,2,1,2,39,37,39,31
6,1140828,1245,4,1,2,1,39,39,33,25
4,1140829,945,5,2,1,2,68,31,25,62
3,1140829,1045,4,1,2,1,62,25,16,53
7,1140829,1145,4,2,1,1,62,62,53,28
8,1140901,945,5,1,1,3,118,53,118,93
2,1140902,1345,13,1,3,9,162,28,93,162
5,1140903,1045,14,3,9,2,162,93,25,94
7,1140904,945,15,9,2,4,170,162,94,102
3,1140904,1245,9,2,4,3,102,94,45,53
7,1140905,1145,11,4,3,4,112,102,53,63
3,1140909,945,10,3,4,3,160,53,150,160
1,1140910,1045,13,4,3,6,220,63,160,220
5,1140911,945,13,3,6,4,220,160,15,75
7,1140915,945,20,6,4,10,358,220,75,213
3,1140915,1145,16,4,10,2,213,75,-75,63
10,1140916,1345,19,10,2,7,244,213,63,94
3,1140917,1045,11,2,7,2,107,63,76,107
1,1140917,1345,12,7,2,3,107,94,107,100
6,1140918,945,6,2,3,1,124,107,124,117
2,1140918,1245,7,3,1,3,117,100,117,46
6,1140919,945,6,1,3,2,156,117,156,85
2,1140919,1145,7,3,2,2,85,46,85,64
6,1140919,1345,6,2,2,2,85,85,65,44
4,1140922,1045,7,2,2,3,204,64,44,184
3,1140922,1245,6,2,3,1,184,44,-97,43
10,1140923,945,6,3,1,2,184,184,43,41
8,1140923,1045,4,1,2,1,52,43,52,50
2,1140924,945,7,2,1,4,71,41,50,71
5,1140925,945,10,1,4,5,87,50,66,87
1,1140926,945,14,4,5,5,231,71,87,231
5,1140926,1045,11,5,5,1,231,87,-59,85
10,1140926,1245,8,5,1,2,231,231,85,61
8,1140929,945,5,1,2,2,85,85,71,47
4,1140929,1045,5,2,2,1,79,61,47,65
3,1140929,1345,6,2,1,3,65,47,32,50
7,1140930,1145,7,1,3,3,137,65,50,122
3,1140930,1245,7,3,3,1,150,50,78,150
1,1141001,945,6,3,1,2,150,122,150,110
6,1141001,1045,4,1,2,1,150,150,144,104
4,1141001,1145,4,2,1,1,110,110,104,49
8,1141001,1345,4,1,1,2,104,104,93,38
4,1141002,945,4,1,2,1,110,49,38,99
3,1141002,1245,6,2,1,3,115,38,54,115
1,1141002,1345,5,1,3,1,115,99,115,42
6,1141003,1245,8,3,1,4,202,115,202,129
2,1141006,945,7,1,4,2,129,42,129,51
9,1141006,1045,7,4,2,1,132,129,132,54
2,1141006,1145,4,2,1,1,54,51,54,43
6,1141006,1345,4,1,1,2,54,54,38,27
4,1141007,945,4,1,2,1,134,43,27,118
3,1141007,1145,5,2,1,2,118,27,-21,70
10,1141008,945,6,1,2,3,123,118,70,75
3,1141008,1145,7,2,3,2,75,70,53,58
7,1141008,1345,7,3,2,2,118,75,58,101
3,1141009,945,5,2,2,1,111,58,68,111
1,1141014,945,13,2,1,10,337,101,111,337
5,1141014,1145,13,1,10,2,337,111,-169,57
10,1141014,1245,13,10,2,1,337,337,57,39
8,1141015,945,5,2,1,2,61,57,61,43
2,1141016,945,8,1,2,5,257,39,43,257
5,1141016,1245,10,2,5,3,257,43,-37,177
10,1141017,1345,14,5,3,6,266,257,177,186
3,1141020,1045,11,3,6,2,186,177,158,167
7,1141020,1145,9,6,2,1,186,186,167,47
8,1141020,1245,4,2,1,1,184,167,184,64
2,1141021,1045,5,1,1,3,65,47,64,65
5,1141022,1045,9,1,3,5,148,64,147,148
1,1141023,1145,14,3,5,6,148,65,148,62
9,1141024,945,14,5,6,3,148,148,130,44
4,1141024,1245,12,6,3,3,155,62,44,137
3,1141027,945,8,3,3,2,137,44,-16,77
10,1141027,1045,6,3,2,1,154,137,77,94
3,1141027,1145,4,2,1,1,94,77,59,76
7,1141027,1345,4,1,1,2,94,94,76,48
8,1141029,1345,13,1,2,10,313,76,313,285
2,1141030,1045,14,2,10,2,285,48,285,67
9,1141103,1045,22,10,2,10,407,285,407,189
2,1141104,945,16,2,10,4,189,67,189,59
9,1141104,1045,15,10,4,1,217,189,217,87
2,1141105,1045,10,4,1,5,95,59,87,95
5,1141105,1145,7,1,5,1,95,87,25,33
7,1141107,1045,15,5,1,9,193,95,33,131
3,1141110,1045,15,1,9,5,230,33,132,230
1,1141110,1345,17,9,5,3,230,131,230,31
9,1141111,945,9,5,3,1,243,230,243,44
2,1141111,1245,7,3,1,3,57,31,44,57
5,1141111,1345,5,1,3,1,57,44,15,28
7,1141112,1345,9,3,1,5,204,57,28,175
3,1141113,1045,8,1,5,2,175,28,-70,77
10,1141113,1145,8,5,2,1,175,175,77,56
8,1141114,1145,8,2,1,5,95,77,95,74
2,1141117,1045,10,1,5,4,124,56,74,124
5,1141118,945,13,5,4,4,124,74,36,86
7,1141118,1245,11,4,4,3,157,124,86,119
3,1141119,1145,11,4,3,4,146,86,113,146
1,1141119,1245,8,3,4,1,146,119,146,61
6,1141120,1245,10,4,1,5,265,146,265,180
2,1141121,945,8,1,5,2,180,61,180,23
9,1141124,945,12,5,2,5,246,180,246,89
2,1141125,945,12,2,5,5,101,23,89,101
5,1141125,1145,12,5,5,2,101,89,69,81
7,1141126,945,10,5,2,3,101,101,81,48
8,1141126,1045,6,2,3,1,81,81,74,41
4,1141126,1145,5,3,1,1,48,48,41,38
8,1141127,1045,6,1,1,4,133,41,133,130
2,1141201,945,14,1,4,9,244,38,130,244
5,1141201,1045,14,4,9,1,244,130,77,191
7,1141202,1045,15,9,1,5,244,244,191,181
8,1141204,945,15,1,5,9,275,191,275,265
2,1141204,1045,15,5,9,1,265,181,265,65
9,1141204,1145,11,9,1,1,265,265,243,43
4,1141205,945,5,1,1,3,84,65,43,62
3,1141208,945,9,1,3,5,83,43,64,83
1,1141209,945,13,3,5,5,144,62,83,144
5,1141209,1345,14,5,5,4,144,83,-37,24
10,1141210,1045,11,5,4,2,259,144,24,139
3,1141210,1245,8,4,2,2,139,24,-72,43
10,1141211,945,6,2,2,2,187,139,43,91
3,1141211,1145,6,2,2,2,91,43,42,90
7,1141211,1245,5,2,2,1,91,91,90,48
8,1141212,945,5,2,1,2,111,90,111,69
2,1141215,945,8,1,2,5,144,48,69,144
5,1141215,1345,11,2,5,4,144,69,38,113
7,1141216,945,10,5,4,1,144,144,113,71
8,1141216,1045,6,4,1,1,116,113,116,74
2,1141217,1345,10,1,1,8,207,71,74,207
5,1141218,945,10,1,8,1,207,74,-40,93
10,1141218,1345,13,8,1,4,207,207,93,70
8,1141219,1145,8,1,4,3,206,93,206,183
2,1141219,1245,8,4,3,1,183,70,183,79
9,1141222,1045,7,3,1,3,241,183,241,137
2,1141222,1245,6,1,3,2,137,79,137,35
9,1141223,945,7,3,2,2,179,137,179,77
2,1141223,1045,5,2,2,1,77,35,77,43
6,1141223,1145,4,2,1,1,77,77,61,27
4,1141223,1245,3,1,1,1,43,43,27,21
8,1141225,945,9,1,1,7,98,27,98,92
2,1141226,945,13,1,7,5,92,21,92,22
9,1141227,945,17,7,5,5,146,92,146,76
2,1141227,1245,13,5,5,3,76,22,76,14
9,1141229,1145,12,5,3,4,163,76,163,101
2,1141229,1245,8,3,4,1,101,14,101,35
9,1141230,945,7,4,1,2,108,101,108,42
2,1141230,1045,4,1,2,1,75,35,42,75
5,1141231,945,7,2,1,4,75,42,2,35
7,1141231,1045,6,1,4,1,91,75,35,51
3,1141231,1345,8,4,1,3,51,35,29,45
7,1150105,945,5,1,3,1,148,51,45,142
3,1150105,1345,8,3,1,4,142,45,24,121
7,1150106,1245,9,1,4,4,280,142,121,259
3,1150106,1345,9,4,4,1,259,121,-85,53
10,1150107,945,6,4,1,1,259,259,53,37
8,1150107,1145,5,1,1,3,75,53,75,59
2,1150107,1345,5,1,3,1,59,37,59,51
6,1150109,945,10,3,1,6,302,59,302,294
2,1150109,1045,8,1,6,1,294,51,294,118
9,1150109,1245,9,6,1,2,294,294,219,43
4,1150112,945,5,1,2,2,178,118,43,103
3,1150113,1045,10,2,2,6,118,43,58,118
1,1150114,1045,13,2,6,5,124,103,118,124
5,1150114,1145,12,6,5,1,124,118,41,47
7,1150114,1245,7,5,1,1,124,124,47,42
8,1150115,945,4,1,1,2,79,47,79,74
2,1150115,1045,4,1,2,1,100,42,74,100
5,1150116,945,7,2,1,4,100,74,73,99
7,1150116,1045,6,1,4,1,148,100,99,147
3,1150116,1245,7,4,1,2,147,99,22,70
7,1150116,1345,4,1,2,1,147,147,70,45
8,1150119,945,4,2,1,1,178,70,178,153
2,1150119,1245,5,1,1,3,153,45,153,118
6,1150122,1045,17,1,3,13,297,153,297,262
2,1150122,1345,19,3,13,3,262,118,262,36
9,1150123,1045,18,13,3,2,346,262,346,120
2,1150126,945,9,3,2,4,120,36,120,55
9,1150126,1045,7,2,4,1,120,120,110,45
4,1150126,1145,6,4,1,1,55,55,45,31
8,1150127,945,5,1,1,3,106,45,106,92
2,1150127,1045,5,1,3,1,92,31,92,59
9,1150127,1345,7,3,1,3,92,92,80,47
4,1150128,945,5,1,3,1,65,59,47,53
3,1150128,1245,7,3,1,3,60,47,54,60
1,1150129,1145,8,1,3,4,108,53,60,108
5,1150129,1245,8,3,4,1,108,60,-14,34
10,1150202,945,12,4,1,7,164,108,34,90
3,1150203,1045,14,1,7,6,115,34,59,115
1,1150203,1245,15,7,6,2,115,90,115,30
6,1150204,945,10,6,2,2,186,115,186,101
2,1150204,1045,5,2,2,1,101,30,101,44
9,1150204,1145,4,2,1,1,101,101,88,31
4,1150205,945,6,1,1,4,86,44,31,73
3,1150206,945,9,1,4,4,73,31,31,73
1,1150206,1045,9,4,4,1,82,73,73,82
5,1150206,1145,6,4,1,1,82,73,30,39
7,1150209,945,5,1,1,3,127,82,39,84
3,1150209,1145,6,1,3,2,84,39,5,50
7,1150209,1245,6,3,2,1,84,84,50,28
8,1150210,945,5,2,1,2,57,50,57,35
2,1150210,1145,5,1,2,2,54,28,35,54
5,1150211,1045,8,2,2,4,90,35,71,90
1,1150212,1045,11,2,4,5,90,54,90,48
6,1150213,945,13,4,5,4,129,90,129,87
2,1150213,1345,13,5,4,4,87,48,87,35
9,1150224,1245,12,4,4,4,179,87,179,127
2,1150224,1345,9,4,4,1,127,35,127,23
9,1150225,945,6,4,1,1,183,127,183,79
2,1150226,1045,8,1,1,6,79,23,79,63
6,1150226,1145,8,1,6,1,79,79,43,27
4,1150302,1045,11,6,1,4,78,63,27,42
3,1150302,1245,7,1,4,2,42,27,7,22
7,1150303,1045,9,4,2,3,80,42,22,60
3,1150304,1045,11,2,3,6,60,22,20,58
7,1150305,945,12,3,6,3,89,60,58,87
3,1150306,1345,18,6,3,9,93,58,64,93
1,1150309,1045,14,3,9,2,97,87,93,97
5,1150310,945,15,9,2,4,97,93,34,38
7,1150310,1045,7,2,4,1,130,97,38,71
3,1150310,1345,8,4,1,3,71,38,-2,31
10,1150311,945,5,1,3,1,135,71,31,95
3,1150313,945,14,3,1,10,184,31,120,184
1,1150316,1345,20,1,10,9,184,95,184,99
6,1150317,945,20,10,9,1,194,184,194,109
2,1150317,1245,13,9,1,3,109,99,109,97
6,1150318,1245,9,1,3,5,114,109,114,102
2,1150318,1345,9,3,5,1,102,97,102,22
6,1150319,1145,9,5,1,3,222,102,222,142
2,1150320,945,7,1,3,3,142,22,142,36
9,1150320,1045,7,3,3,1,143,142,143,37
2,1150320,1245,6,3,1,2,37,36,37,28
6,1150323,945,5,1,2,2,37,37,36,27
4,1150324,1145,11,2,2,7,74,28,27,73
3,1150325,945,12,2,7,3,73,27,-11,35
10,1150325,1245,13,7,3,3,96,73,35,58
3,1150325,1345,7,3,3,1,58,35,-5,18
10,1150326,945,5,3,1,1,164,58,18,124
3,1150326,1045,3,1,1,1,124,18,-38,68
10,1150326,1345,5,1,1,3,124,124,68,45
8,1150327,945,5,1,3,1,68,68,61,38
4,1150327,1145,6,3,1,2,98,45,38,91
3,1150327,1245,4,1,2,1,91,38,-27,26
10,1150330,945,5,2,1,2,117,91,26,52
3,1150330,1145,5,1,2,2,52,26,19,45
7,1150330,1345,6,2,2,2,52,52,45,21
8,1150331,945,5,2,2,1,99,45,99,75
2,1150331,1145,5,2,1,2,75,21,75,65
6,1150331,1345,5,1,2,2,75,75,59,49
4,1150401,1145,7,2,2,3,123,65,49,107
3,1150402,1045,9,2,3,4,143,49,85,143
1,1150402,1245,9,3,4,2,143,107,143,28
9,1150407,945,8,4,2,2,173,143,173,58
2,1150407,1145,6,2,2,2,58,28,58,48
6,1150408,945,7,2,2,3,58,58,33,23
4,1150408,1245,8,2,3,3,102,48,23,77
3,1150409,1045,9,3,3,3,118,23,64,118
1,1150409,1345,9,3,3,3,118,77,118,108
6,1150410,945,7,3,3,1,118,118,107,97
4,1150410,1145,6,3,1,2,108,108,97,73
8,1150413,945,6,1,2,3,115,97,115,91
2,1150413,1045,6,2,3,1,91,73,91,50
6,1150414,1245,11,3,1,7,91,91,80,39
4,1150415,1145,12,1,7,4,136,50,39,125
3,1150415,1245,12,7,4,1,125,39,-59,27
10,1150415,1345,6,4,1,1,165,125,27,67
3,1150416,1345,7,1,1,5,142,27,102,142
1,1150417,1245,10,1,5,4,142,67,142,80
6,1150417,1345,10,5,4,1,142,142,84,22
4,1150420,945,6,4,1,1,143,80,22,85
3,1150420,1245,5,1,1,3,85,22,14,77
7,1150420,1345,5,1,3,1,85,85,77,26
8,1150421,945,5,3,1,1,107,77,107,56
2,1150421,1145,4,1,1,2,78,26,56,78
5,1150422,1045,7,1,2,4,100,56,78,100
1,1150422,1245,8,2,4,2,100,78,100,25
6,1150428,945,23,4,2,17,498,100,498,423
2,1150428,1045,20,2,17,1,423,25,423,70
9,1150428,1245,20,17,1,2,423,423,389,36
4,1150429,1045,6,1,2,3,151,70,36,117
3,1150429,1245,7,2,3,2,117,36,-31,50
10,1150430,1045,8,3,2,3,141,117,50,74
3,1150430,1145,6,2,3,1,74,50,34,58
7,1150504,1045,8,3,1,4,108,74,58,92
3,1150504,1345,8,1,4,3,92,58,44,78
7,1150505,945,8,4,3,1,102,92,78,88
3,1150505,1345,8,3,1,4,88,78,27,37
7,1150506,945,6,1,4,1,139,88,37,88
3,1150506,1145,7,4,1,2,102,37,51,102
1,1150508,1345,15,1,2,12,152,88,102,152
5,1150511,945,15,2,12,1,152,102,51,101
7,1150511,1145,15,12,1,2,208,152,101,157
3,1150512,945,6,1,2,3,157,101,35,91
7,1150512,1045,6,2,3,1,157,157,91,75
8,1150512,1145,5,3,1,1,91,91,64,48
4,1150512,1245,3,1,1,1,75,75,48,34
8,1150513,1045,5,1,1,3,103,48,103,89
2,1150515,1145,15,1,3,11,235,34,89,235
5,1150515,1245,15,3,11,1,235,89,-82,64
10,1150518,945,14,11,1,2,235,235,64,53
8,1150518,1145,5,1,2,2,64,64,64,53
2,1150518,1345,6,2,2,2,53,53,53,32
8,1150519,1045,6,2,2,2,171,53,171,150
2,1150520,1045,9,2,2,5,150,32,150,60
9,1150520,1145,8,2,5,1,152,150,152,62
2,1150521,945,9,5,1,3,213,60,62,213
5,1150522,1145,11,1,3,7,213,62,-14,137
10,1150525,945,13,3,7,3,213,213,137,99
8,1150525,1045,11,7,3,1,137,137,128,90
4,1150527,945,13,3,1,9,99,99,90,39
8,1150527,1245,13,1,9,3,148,90,148,97
2,1150527,1345,13,9,3,1,97,39,97,40
9,1150528,945,5,3,1,1,149,97,149,92
2,1150528,1045,3,1,1,1,92,40,92,67
6,1150529,945,6,1,1,4,107,92,107,82
2,1150529,1045,6,1,4,1,82,67,82,77
6,1150529,1345,8,4,1,3,82,82,45,40
4,1150601,1045,6,1,3,2,164,77,40,127
3,1150601,1245,7,3,2,2,127,40,-40,47
10,1150602,945,6,2,2,2,163,127,47,83
3,1150602,1045,5,2,2,1,83,47,38,74
7,1150602,1145,4,2,1,1,83,83,74,34
8,1150602,1245,3,1,1,1,74,74,55,15
4,1150605,1045,15,1,1,13,370,34,15,351
3,1150605,1345,17,1,13,3,351,15,-281,55
10,1150608,945,17,13,3,1,385,351,55,89
3,1150608,1245,7,3,1,3,169,55,135,169
1,1150609,1345,10,1,3,6,203,89,169,203
5,1150610,1045,11,3,6,2,203,169,93,127
7,1150611,1045,13,6,2,5,203,203,127,104
8,1150615,945,16,2,5,9,127,127,117,94
4,1150615,1245,17,5,9,3,108,104,94,98
3,1150616,945,14,9,3,2,98,94,34,38
7,1150616,1045,6,3,2,1,154,98,38,94
3,1150617,1145,9,2,1,6,94,38,17,73
7,1150618,945,10,1,6,3,247,94,73,226
3,1150622,1245,17,6,3,8,226,73,39,192
7,1150622,1345,12,3,8,1,226,226,192,31
8,1150623,1045,11,8,1,2,257,192,257,96
2,1150623,1145,4,1,2,1,96,31,96,60
9,1150624,945,7,2,1,4,96,96,66,30
4,1150624,1245,7,1,4,2,60,60,30,23
8,1150625,945,8,4,2,2,162,30,162,155
2,1150626,945,9,2,2,5,155,23,155,70
9,1150626,1245,10,2,5,3,155,155,123,38
4,1150629,1345,14,5,3,6,261,70,38,229
3,1150701,1245,18,3,6,9,229,38,19,210
7,1150702,945,17,6,9,2,229,229,210,59
8,1150702,1145,13,9,2,2,210,210,197,46
4,1150703,1045,8,2,2,4,148,59,46,135
3,1150703,1345,9,2,4,3,135,46,45,134
7,1150706,1345,12,4,3,5,135,135,134,123
8,1150707,945,9,3,5,1,134,134,132,121
4,1150707,1145,8,5,1,2,123,123,121,93
8,1150707,1345,5,1,2,2,121,121,63,35
4,1150708,1245,8,2,2,4,391,93,35,333
3,1150708,1345,7,2,4,1,333,35,-240,58
10,1150709,945,6,4,1,1,521,333,58,246
3,1150713,945,7,1,1,5,247,58,59,247
1,1150713,1045,7,1,5,1,247,246,247,69
6,1150714,945,10,5,1,4,360,247,360,182
2,1150714,1345,9,1,4,4,182,69,182,102
9,1150715,945,9,4,4,1,182,182,176,96
4,1150715,1145,7,4,1,2,102,102,96,89
8,1150715,1345,5,1,2,2,96,96,69,62
4,1150716,1045,6,2,2,2,178,89,62,151
3,1150716,1145,5,2,2,1,151,62,-44,45
10,1150717,945,6,2,1,3,180,151,45,74
3,1150717,1045,5,1,3,1,74,45,35,64
7,1150717,1245,6,3,1,2,74,74,64,45
8,1150720,945,5,1,2,2,156,64,156,137
2,1150720,1145,6,2,2,2,223,45,137,223
5,1150721,1045,8,2,2,4,223,137,20,106
7,1150721,1245,8,2,4,2,223,223,106,59
8,1150721,1345,7,4,2,1,136,106,136,89
2,1150722,1045,5,2,1,2,145,59,89,145
5,1150722,1345,6,1,2,3,145,89,-25,31
10,1150723,1245,9,2,3,4,270,145,31,156
3,1150723,1345,8,3,4,1,156,31,-39,86
10,1150724,1045,7,4,1,2,173,156,86,103
3,1150724,1145,4,1,2,1,103,86,38,55
7,1150727,945,6,2,1,3,159,103,55,111
3,1150727,1045,5,1,3,1,111,55,17,73
7,1150728,945,8,3,1,4,228,111,73,190
3,1150728,1145,7,1,4,2,190,73,-6,111
10,1150729,945,9,4,2,3,230,190,111,151
3,1150729,1245,8,2,3,3,151,111,55,95
7,1150729,1345,7,3,3,1,151,151,95,52
8,1150730,1045,6,3,1,2,192,95,192,149
2,1150730,1145,4,1,2,1,149,52,149,76
9,1150730,1345,5,2,1,2,149,149,127,54
4,1150731,1245,7,1,2,4,124,76,54,102
3,1150731,1345,7,2,4,1,102,54,34,82
7,1150803,945,6,4,1,1,210,102,82,190
3,1150804,945,7,1,1,5,190,82,44,152
7,1150804,1345,10,1,5,4,190,190,152,136
8,1150806,945,15,5,4,6,179,152,179,163
2,1150806,1145,12,4,6,2,213,136,163,213
5,1150806,1345,10,6,2,2,213,163,14,64
7,1150807,945,5,2,2,1,267,213,64,118
3,1150807,1245,6,2,1,3,118,64,57,111
7,1150810,945,6,1,3,2,118,118,111,78
8,1150811,945,10,3,2,5,244,111,244,211
2,1150812,1245,15,2,5,8,313,78,211,313
5,1150813,945,15,5,8,2,313,211,18,120
7,1150813,1045,11,8,2,1,313,313,120,88
8,1150813,1245,5,2,1,2,120,120,101,69
4,1150814,945,5,1,2,2,101,88,69,82
3,1150817,945,9,2,2,5,82,69,55,68
7,1150817,1345,11,2,5,4,112,82,68,98
3,1150818,945,10,5,4,1,98,68,14,44
7,1150820,1045,16,4,1,11,432,98,44,378
3,1150820,1145,13,1,11,1,378,44,-214,120
10,1150824,1045,21,11,1,9,1266,378,120,1008
3,1150825,1045,15,1,9,5,1008,120,-292,596
10,1150826,945,18,9,5,4,1008,1008,596,174
8,1150827,945,14,5,4,5,719,596,719,297
2,1150827,1045,10,4,5,1,297,174,297,98
9,1150827,1245,8,5,1,2,297,297,278,79
4,1150827,1345,4,1,2,1,98,98,79,75
8,1150828,1045,5,2,1,2,271,79,271,267
2,1150828,1245,5,1,2,2,267,75,267,84
9,1150828,1345,5,2,2,1,267,267,248,65
4,1150831,945,4,2,1,1,100,84,65,81
3,1150831,1045,3,1,1,1,81,65,44,60
7,1150831,1145,3,1,1,1,81,81,60,54
8,1150831,1345,4,1,1,2,232,60,232,226
2,1150902,945,9,1,2,6,273,54,226,273
5,1150903,945,13,2,6,5,273,226,195,242
7,1150907,945,21,6,5,10,273,273,242,160
8,1150907,1245,18,5,10,3,242,242,209,127
4,1150908,945,15,10,3,2,160,160,127,90
8,1150908,1145,7,3,2,2,136,127,136,99
2,1150908,1345,6,2,2,2,99,90,99,47
6,1150909,1345,9,2,2,5,460,99,460,408
2,1150910,945,8,2,5,1,408,47,408,148
9,1150910,1045,7,5,1,1,408,408,360,100
4,1150911,945,6,1,1,4,148,148,100,90
8,1150914,945,10,1,4,5,148,100,148,138
2,1150914,1245,12,4,5,3,138,90,138,130
6,1150915,945,10,5,3,2,138,138,131,123
4,1150915,1245,8,3,2,3,130,130,123,103
8,1150916,1145,9,2,3,4,148,123,148,128
2,1150916,1345,9,3,4,2,128,103,128,44
6,1150917,945,7,4,2,1,248,128,248,164
2,1150918,945,8,2,1,5,164,44,164,95
9,1150918,1345,10,1,5,4,164,164,145,76
4,1150921,1145,12,5,4,3,245,95,76,226
3,1150922,1045,11,4,3,4,226,76,-43,107
10,1150922,1245,9,3,4,2,226,226,107,27
8,1150922,1345,7,4,2,1,107,107,105,25
4,1150923,1245,7,2,1,4,205,27,25,203
3,1150924,945,7,1,4,2,203,25,-94,84
10,1150924,1045,7,4,2,1,291,203,84,172
3,1150925,945,7,2,1,4,172,84,17,105
7,1150925,1045,6,1,4,1,186,172,105,119
3,1150925,1345,8,4,1,3,119,105,93,107
7,1150930,945,5,1,3,1,169,119,107,157
3,1150930,1345,8,3,1,4,195,107,145,195
1,1151001,945,6,1,4,1,195,157,195,62
6,1151001,1245,8,4,1,3,347,195,347,214
2,1151002,945,6,1,3,2,214,62,214,76
9,1151002,1045,6,3,2,1,214,214,203,65
4,1151002,1345,6,2,1,3,76,76,65,48
8,1151005,945,5,1,3,1,123,65,123,106
2,1151005,1045,5,3,1,1,106,48,106,102
6,1151005,1245,4,1,1,2,106,106,84,80
4,1151005,1345,4,1,2,1,102,102,80,42
8,1151006,945,4,2,1,1,203,80,203,165
2,1151007,945,7,1,1,5,165,42,165,121
9,1151008,945,11,1,5,5,231,165,231,187
2,1151008,1045,11,5,5,1,187,121,187,111
6,1151008,1145,7,5,1,1,187,187,129,53
4,1151008,1245,3,1,1,1,122,111,53,64
3,1151012,1145,6,1,1,4,158,53,147,158
1,1151012,1245,6,1,4,1,158,64,158,49
9,1151012,1345,6,4,1,1,158,158,150,41
4,1151013,945,3,1,1,1,59,49,41,51
3,1151013,1045,3,1,1,1,54,41,44,54
1,1151013,1145,3,1,1,1,64,51,54,64
5,1151013,1345,4,1,1,2,64,54,40,50
7,1151014,945,4,1,2,1,83,64,50,69
3,1151014,1145,5,2,1,2,69,50,43,62
7,1151014,1345,5,1,2,2,69,69,62,35
8,1151015,1045,6,2,2,2,176,62,176,149
2,1151016,945,8,2,2,4,149,35,149,86
9,1151016,1045,7,2,4,1,149,149,108,45
4,1151016,1145,6,4,1,1,97,86,45,56
3,1151019,945,5,1,1,3,99,45,88,99
1,1151019,1045,5,1,3,1,99,56,99,82
6,1151019,1145,5,3,1,1,99,99,69,52
4,1151019,1245,3,1,1,1,82,82,52,29
8,1151020,945,4,1,1,2,75,52,75,52
2,1151020,1245,6,1,2,3,52,29,52,34
6,1151021,945,7,2,3,2,93,52,93,75
2,1151021,1145,7,3,2,2,111,34,75,111
5,1151021,1245,5,2,2,1,111,75,0,36
7,1151022,945,5,2,1,2,138,111,36,63
3,1151022,1045,4,1,2,1,67,36,40,67
1,1151022,1345,6,2,1,3,67,63,67,40
6,1151023,945,5,1,3,1,186,67,186,159
2,1151023,1345,8,3,1,4,159,40,159,83
9,1151026,945,6,1,4,1,172,159,172,96
2,1151026,1245,8,4,1,3,96,83,96,46
6,1151026,1345,5,1,3,1,96,96,72,22
4,1151027,1145,7,3,1,3,110,46,22,86
3,1151028,945,7,1,3,3,86,22,-9,55
10,1151028,1145,8,3,3,2,128,86,55,97
3,1151029,945,8,3,2,3,97,55,30,72
7,1151030,1045,11,2,3,6,226,97,72,201
3,1151030,1245,11,3,6,2,201,72,-13,116
10,1151102,945,10,6,2,2,201,201,116,98
8,1151102,1145,6,2,2,2,116,116,114,96
4,1151102,1345,6,2,2,2,98,98,96,36
8,1151104,1045,11,2,2,7,398,96,398,338
2,1151105,945,13,2,7,4,338,36,338,68
9,1151105,1045,12,7,4,1,338,338,337,67
4,1151105,1145,6,4,1,1,68,68,67,47
8,1151105,1345,4,1,1,2,67,67,54,34
4,1151106,1245,7,1,2,4,249,47,34,236
3,1151109,945,8,2,4,2,236,34,-104,98
10,1151109,1145,8,4,2,2,286,236,98,148
3,1151109,1245,5,2,2,1,148,98,18,68
7,1151110,945,5,2,1,2,236,148,68,156
3,1151110,1145,5,1,2,2,156,68,-25,63
10,1151111,1045,8,2,2,4,263,156,63,170
3,1151111,1145,7,2,4,1,170,63,-44,63
10,1151111,1345,7,4,1,2,203,170,63,96
3,1151112,945,4,1,2,1,96,63,43,76
7,1151112,1145,5,2,1,2,114,96,76,94
3,1151113,945,6,1,2,3,118,76,100,118
1,1151116,945,10,2,3,5,260,94,118,260
5,1151117,1045,14,3,5,6,278,118,136,278
1,1151119,945,20,5,6,9,278,260,278,167
6,1151120,945,20,6,9,5,278,278,263,152
4,1151120,1045,15,9,5,1,167,167,152,79
8,1151123,945,10,5,1,4,188,152,188,115
2,1151123,1045,6,1,4,1,115,79,115,104
6,1151123,1345,8,4,1,3,115,115,88,77
4,1151124,945,5,1,3,1,104,104,77,64
8,1151124,1045,5,3,1,1,87,77,87,74
2,1151125,1145,8,1,1,6,174,64,74,174
5,1151127,945,15,1,6,8,214,74,114,214
1,1151130,945,19,6,8,5,332,174,214,332
5,1151201,1245,21,8,5,8,332,214,143,261
7,1151202,945,15,5,8,2,332,332,261,43
8,1151202,1045,11,8,2,1,308,261,308,90
2,1151202,1145,4,2,1,1,95,43,90,95
5,1151202,1345,4,1,1,2,95,90,39,44
7,1151203,945,4,1,2,1,147,95,44,96
3,1151203,1045,4,2,1,1,122,44,70,122
1,1151203,1145,3,1,1,1,122,96,122,65
6,1151203,1245,3,1,1,1,127,122,127,70
2,1151204,1045,5,1,1,3,164,65,70,164
5,1151204,1245,6,1,3,2,164,70,-17,77
10,1151204,1345,6,3,2,1,164,164,77,21
8,1151207,945,4,2,1,1,224,77,224,168
2,1151208,1145,9,1,1,7,232,21,168,232
5,1151208,1245,9,1,7,1,232,168,-22,42
10,1151209,1045,11,7,1,3,338,232,42,148
3,1151209,1245,6,1,3,2,148,42,-54,52
10,1151210,945,7,3,2,2,259,148,52,163
3,1151211,945,9,2,2,5,163,52,8,119
7,1151211,1145,9,2,5,2,163,163,119,106
8,1151211,1245,8,5,2,1,119,119,52,39
4,1151214,945,5,2,1,2,271,106,39,204
3,1151214,1245,6,1,2,3,204,39,-49,116
10,1151214,1345,6,2,3,1,204,204,116,33
8,1151215,945,5,3,1,1,188,116,188,105
2,1151215,1045,3,1,1,1,105,33,105,89
6,1151215,1145,3,1,1,1,105,105,76,60
4,1151215,1345,4,1,1,2,89,89,60,45
8,1151217,1345,13,1,2,10,255,60,255,240
2,1151218,945,13,2,10,1,240,45,240,97
9,1151218,1245,14,10,1,3,256,240,256,113
2,1151221,945,6,1,3,2,186,97,113,186
5,1151222,945,10,3,2,5,186,113,91,164
7,1151222,1045,8,2,5,1,186,186,164,77
8,1151223,1045,11,5,1,5,214,164,214,127
2,1151223,1345,9,1,5,3,127,77,127,65
6,1151224,945,9,5,3,1,168,127,168,106
2,1151224,1345,8,3,1,4,106,65,106,95
6,1151225,1045,7,1,4,2,106,106,66,55
4,1151225,1145,7,4,2,1,95,95,55,25
8,1151228,945,6,2,1,3,101,55,101,71
2,1151228,1045,5,1,3,1,71,25,71,41
9,1151228,1245,6,3,1,2,71,71,56,26
4,1151229,1045,6,1,2,3,131,41,26,116
3,1151229,1145,6,2,3,1,116,26,-43,47
10,1151229,1345,6,3,1,2,116,116,47,30
8,1151230,945,4,1,2,1,66,47,66,49
2,1151230,1145,5,2,1,2,103,30,49,103
5,1151231,1045,7,1,2,4,103,49,20,74
7,1151231,1145,7,2,4,1,103,103,74,55
8,1151231,1345,7,4,1,2,74,74,69,50
4,1160104,1045,5,1,2,2,264,55,50,259
3,1160104,1245,6,2,2,2,259,50,-123,86
10,1160105,945,6,2,2,2,259,259,86,79
8,1160105,1045,5,2,2,1,94,86,94,87
2,1160106,1145,9,2,1,6,229,79,87,229
5,1160106,1245,8,1,6,1,229,87,-46,96
10,1160107,1145,11,6,1,4,399,229,96,266
3,1160108,945,8,1,4,3,266,96,-17,153
10,1160111,945,12,4,3,5,325,266,153,212
3,1160111,1245,11,3,5,3,212,153,62,121
7,1160112,1145,12,5,3,4,212,212,121,113
8,1160112,1245,8,3,4,1,121,121,71,63
4,1160112,1345,6,4,1,1,113,113,63,57
8,1160113,945,3,1,1,1,169,63,169,163
2,1160113,1145,4,1,1,2,163,57,163,113
6,1160113,1345,5,1,2,2,163,163,123,73
4,1160114,945,5,2,2,1,242,113,73,202
3,1160114,1045,4,2,1,1,202,73,-19,110
10,1160114,1245,4,1,1,2,202,202,110,38
8,1160115,945,5,1,2,2,202,110,202,130
2,1160118,945,9,2,2,5,306,38,130,306
5,1160118,1345,11,2,5,4,325,130,149,325
1,1160119,1045,11,5,4,2,325,306,325,78
6,1160119,1345,9,4,2,3,365,325,365,118
2,1160121,945,11,2,3,6,266,78,118,266
5,1160121,1145,11,3,6,2,266,118,-44,104
10,1160121,1345,10,6,2,2,267,266,104,105
3,1160122,945,5,2,2,1,141,104,140,141
1,1160122,1245,6,2,1,3,141,105,141,101
6,1160125,945,6,1,3,2,280,141,280,240
2,1160126,1045,11,3,2,6,240,101,240,136
9,1160126,1145,9,2,6,1,240,240,169,65
4,1160126,1345,9,6,1,2,136,136,65,47
8,1160127,945,4,1,2,1,114,65,114,96
2,1160127,1245,6,2,1,3,96,47,96,81
6,1160128,1045,7,1,3,3,140,96,140,125
2,1160129,945,10,3,3,4,125,81,125,83
6,1160130,1345,16,3,4,9,389,125,389,347
2,1160201,945,14,4,9,1,347,83,347,91
9,1160201,1045,11,9,1,1,347,347,330,74
4,1160201,1145,3,1,1,1,100,91,74,83
3,1160201,1345,4,1,1,2,83,74,61,70
7,1160202,945,4,1,2,1,89,83,70,76
3,1160202,1045,4,2,1,1,88,70,82,88
1,1160203,945,6,1,1,4,156,76,88,156
5,1160203,1245,8,1,4,3,156,88,24,92
7,1160215,945,9,4,3,2,242,156,92,178
3,1160215,1045,6,3,2,1,178,92,73,159
7,1160215,1245,5,2,1,2,178,178,159,36
8,1160217,1145,12,1,2,9,344,159,344,221
2,1160217,1245,12,2,9,1,221,36,221,56
9,1160218,945,12,9,1,2,302,221,302,137
2,1160219,945,8,1,2,5,137,56,137,79
9,1160222,945,12,2,5,5,209,137,209,151
2,1160222,1045,11,5,5,1,151,79,151,143
6,1160223,945,10,5,1,4,151,151,78,70
4,1160223,1045,6,1,4,1,143,143,70,60
8,1160224,945,9,4,1,4,121,70,121,111
2,1160224,1245,8,1,4,3,166,60,111,166
5,1160225,1145,11,4,3,4,166,111,104,159
7,1160226,1045,11,3,4,4,166,166,159,64
8,1160302,945,17,4,4,9,359,159,359,264
2,1160302,1045,14,4,9,1,264,64,264,75
9,1160302,1145,11,9,1,1,264,264,222,33
4,1160302,1345,4,1,1,2,75,75,33,23
8,1160303,945,4,1,2,1,106,33,106,96
2,1160304,945,8,2,1,5,96,23,96,58
9,1160304,1245,9,1,5,3,108,96,108,70
2,1160304,1345,9,5,3,1,70,58,70,37
6,1160307,945,5,3,1,1,137,70,137,104
2,1160308,1045,8,1,1,6,160,37,104,160
5,1160310,1045,17,1,6,10,160,104,95,151
7,1160311,945,20,6,10,4,160,160,151,68
8,1160314,1045,20,10,4,6,253,151,253,170
2,1160315,1345,18,4,6,8,200,68,170,200
5,1160317,945,20,6,8,6,241,170,211,241
1,1160317,1345,18,8,6,4,241,200,241,138
6,1160321,945,16,6,4,6,241,241,232,129
4,1160322,1245,18,4,6,8,159,138,129,150
3,1160323,945,16,6,8,2,150,129,106,127
7,1160324,945,15,8,2,5,183,150,127,160
3,1160324,1045,8,2,5,1,160,127,91,124
7,1160324,1245,8,5,1,2,160,160,124,58
8,1160325,945,5,1,2,2,132,124,132,66
2,1160325,1145,6,2,2,2,88,58,66,88
5,1160328,1045,8,2,2,4,88,66,40,62
7,1160329,1345,14,2,4,8,195,88,62,169
3,1160331,945,18,4,8,6,251,62,144,251
1,1160331,1145,16,8,6,2,251,169,251,124
6,1160331,1345,10,6,2,2,251,251,174,47
4,1160401,1145,7,2,2,3,217,124,47,140
3,1160401,1345,7,2,3,2,140,47,-53,40
10,1160406,1045,7,3,2,2,281,140,40,181
3,1160406,1245,6,2,2,2,181,40,-101,40
10,1160407,1145,8,2,2,4,257,181,40,116
3,1160407,1345,8,2,4,2,116,40,2,78
7,1160408,945,7,4,2,1,122,116,78,84
3,1160408,1045,4,2,1,1,113,78,107,113
1,1160408,1145,3,1,1,1,113,84,113,49
6,1160408,1245,3,1,1,1,125,113,125,61
2,1160411,945,4,1,1,2,85,49,61,85
5,1160412,945,8,1,2,5,169,61,145,169
1,1160412,1245,10,2,5,3,169,85,169,116
6,1160414,945,15,5,3,7,309,169,309,256
2,1160414,1045,11,3,7,1,256,116,256,79
9,1160414,1145,10,7,1,2,256,256,209,32
4,1160415,945,5,1,2,2,133,79,32,86
3,1160415,1345,8,2,2,4,128,32,74,128
1,1160418,945,7,2,4,1,128,86,128,89
6,1160419,945,10,4,1,5,157,128,157,118
2,1160419,1245,9,1,5,3,150,89,118,150
5,1160420,945,10,5,3,2,150,118,54,86
7,1160420,1245,8,3,2,3,250,150,86,186
3,1160420,1345,6,2,3,1,186,86,-64,36
10,1160421,945,5,3,1,1,229,186,36,79
3,1160422,1045,8,1,1,6,105,36,62,105
1,1160422,1145,8,1,6,1,105,79,105,99
6,1160425,1045,11,6,1,4,105,105,85,79
4,1160425,1345,8,1,4,3,99,99,79,24
8,1160426,945,8,4,3,1,158,79,158,103
2,1160427,945,9,3,1,5,113,24,103,113
5,1160427,1045,7,1,5,1,113,103,74,84
7,1160429,1045,16,5,1,10,316,113,84,287
3,1160429,1345,14,1,10,3,287,84,-161,42
10,1160503,1045,15,10,3,2,370,287,42,125
3,1160503,1245,7,3,2,2,125,42,-19,64
10,1160505,1145,13,2,2,9,250,125,64,189
3,1160505,1345,13,2,9,2,189,64,-45,80
10,1160506,1045,13,9,2,2,223,189,80,114
3,1160509,945,8,2,2,4,114,80,65,99
7,1160509,1045,7,2,4,1,114,114,99,95
8,1160509,1145,6,4,1,1,99,99,67,63
4,1160510,945,5,1,1,3,103,95,63,71
3,1160511,945,9,1,3,5,135,63,127,135
1,1160511,1045,9,3,5,1,135,71,135,111
6,1160512,945,10,5,1,4,135,135,98,74
4,1160513,1145,12,1,4,7,239,111,74,202
3,1160516,1145,16,4,7,5,202,74,4,132
7,1160517,1045,16,7,5,4,202,202,132,65
8,1160517,1345,12,5,4,3,199,132,199,132
2,1160518,945,8,4,3,1,132,65,132,96
6,1160518,1345,8,3,1,4,133,132,133,97
2,1160519,1045,7,1,4,2,147,96,97,147
5,1160520,945,10,4,2,4,147,97,69,119
7,1160523,945,11,2,4,5,147,147,119,74
8,1160523,1245,12,4,5,3,349,119,349,304
2,1160524,1345,14,5,3,6,304,74,304,79
9,1160525,1145,12,3,6,3,361,304,361,136
2,1160526,1045,13,6,3,4,136,79,136,60
6,1160531,1045,22,3,4,15,269,136,269,193
2,1160531,1145,20,4,15,1,193,60,193,90
9,1160601,1245,22,15,1,6,238,193,238,135
2,1160602,1145,11,1,6,4,135,90,135,72
6,1160603,945,13,6,4,3,135,135,130,67
4,1160603,1045,8,4,3,1,72,72,67,48
8,1160604,1145,10,3,1,6,72,67,72,53
2,1160606,1045,11,1,6,4,83,48,53,83
5,1160607,1045,15,6,4,5,177,53,147,177
1,1160607,1145,10,4,5,1,177,83,177,47
9,1160608,945,9,5,1,3,235,177,235,105
2,1160608,1145,6,1,3,2,105,47,105,62
6,1160608,1245,6,3,2,1,105,105,85,42
4,1160614,945,10,2,1,7,259,62,42,239
3,1160615,1245,16,1,7,8,239,42,-73,124
10,1160616,1145,19,7,8,4,475,239,124,360
3,1160616,1245,13,8,4,1,360,124,-185,51
10,1160616,1345,6,4,1,1,360,360,51,41
8,1160617,1045,4,1,1,2,184,51,184,174
2,1160617,1345,6,1,2,3,174,41,174,54
9,1160620,945,6,2,3,1,263,174,263,143
2,1160620,1145,6,3,1,2,143,54,143,92
6,1160621,1045,7,1,2,4,148,143,148,97
2,1160621,1145,7,2,4,1,97,92,97,40
6,1160622,945,8,4,1,3,97,97,87,30
4,1160622,1045,5,1,3,1,65,40,30,55
3,1160622,1145,5,3,1,1,70,30,45,70
1,1160623,1045,6,1,1,4,70,55,70,63
6,1160624,945,9,1,4,4,93,70,93,86
2,1160624,1245,11,4,4,3,413,63,86,413
5,1160628,1145,16,4,3,9,413,86,-80,247
10,1160628,1345,14,3,9,2,413,413,247,21
8,1160629,1045,13,9,2,2,353,247,353,127
2,1160629,1345,7,2,2,3,127,21,127,63
9,1160630,1145,8,2,3,3,176,127,176,112
2,1160630,1345,8,3,3,2,112,63,112,34
9,1160701,1145,8,3,2,3,208,112,208,130
2,1160704,945,8,2,3,3,130,34,130,40
9,1160704,1045,7,3,3,1,171,130,171,81
2,1160705,945,8,3,1,4,112,40,81,112
5,1160705,1045,6,1,4,1,112,81,37,68
7,1160706,1045,10,4,1,5,236,112,68,192
3,1160707,945,10,1,5,4,192,68,4,128
7,1160707,1345,13,5,4,4,192,192,128,23
8,1160711,945,9,4,4,1,305,128,305,200
2,1160711,1345,9,4,1,4,200,23,200,30
9,1160712,1045,7,1,4,2,247,200,247,77
2,1160713,1045,11,4,2,5,77,30,77,69
6,1160714,1145,13,2,5,6,123,77,123,115
2,1160714,1345,13,5,6,2,115,69,115,47
6,1160715,1245,12,6,2,4,199,115,199,131
2,1160715,1345,7,2,4,1,131,47,131,30
9,1160718,945,6,4,1,1,206,131,206,105
2,1160718,1245,5,1,1,3,105,30,105,19
9,1160719,945,6,1,3,2,139,105,139,53
2,1160719,1245,8,3,2,3,53,19,53,33
9,1160719,1345,6,2,3,1,54,53,54,34
2,1160720,945,5,3,1,1,50,33,34,50
5,1160720,1045,3,1,1,1,57,34,41,57
1,1160720,1145,3,1,1,1,70,50,57,70
5,1160720,1345,4,1,1,2,70,57,29,42
7,1160721,945,4,1,2,1,126,70,42,98
3,1160721,1145,5,2,1,2,98,42,37,93
7,1160725,1045,12,1,2,9,211,98,93,206
3,1160727,945,20,2,9,9,246,93,133,246
1,1160727,1245,21,9,9,3,246,206,246,97
6,1160728,1145,16,9,3,4,246,246,224,75
4,1160729,1345,14,3,4,7,160,97,75,138
3,1160801,1145,14,4,7,3,144,75,81,144
1,1160801,1245,11,7,3,1,144,138,144,28
6,1160801,1345,5,3,1,1,154,144,154,38
2,1160802,945,3,1,1,1,50,28,38,50
5,1160802,1345,6,1,1,4,50,38,23,35
7,1160803,945,6,1,4,1,182,50,35,167
3,1160803,1045,6,4,1,1,167,35,-21,111
10,1160804,1045,7,1,1,5,167,167,111,81
8,1160805,1045,11,1,5,5,213,111,213,183
2,1160805,1145,11,5,5,1,183,81,183,30
9,1160808,945,9,5,1,3,257,183,257,104
2,1160808,1045,5,1,3,1,104,30,104,85
6,1160809,1045,9,3,1,5,104,104,101,82
4,1160809,1145,7,1,5,1,85,85,82,37
8,1160810,1245,13,5,1,7,104,82,104,59
2,1160811,1145,11,1,7,3,169,37,59,169
5,1160812,945,13,7,3,3,169,59,41,151
7,1160812,1045,7,3,3,1,169,169,151,47
8,1160812,1145,5,3,1,1,151,151,147,43
4,1160815,945,5,1,1,3,62,47,43,58
3,1160815,1245,7,1,3,3,58,43,30,45
7,1160816,1245,11,3,3,5,93,58,45,80
3,1160817,945,10,3,5,2,80,45,21,56
7,1160817,1145,9,5,2,2,80,80,56,41
8,1160817,1345,6,2,2,2,71,56,71,56
2,1160818,945,5,2,2,1,143,41,56,143
5,1160818,1045,4,2,1,1,143,56,-8,79
10,1160818,1345,5,1,1,3,143,143,79,26
8,1160819,945,5,1,3,1,129,79,129,76
2,1160819,1045,5,3,1,1,153,26,76,153
5,1160819,1245,4,1,1,2,153,76,-34,43
10,1160822,1145,7,1,2,4,256,153,43,146
3,1160824,945,14,2,4,8,170,43,67,170
1,1160825,945,17,4,8,5,170,146,170,84
6,1160826,1045,19,8,5,6,237,170,237,151
2,1160826,1245,13,5,6,2,151,84,151,21
9,1160826,1345,9,6,2,1,151,151,144,14
4,1160829,1045,5,2,1,2,142,21,14,135
3,1160830,945,7,1,2,4,137,14,16,137
1,1160831,945,11,2,4,5,137,135,137,126
6,1160831,1345,13,4,5,4,137,137,82,71
4,1160901,1045,11,5,4,2,202,126,71,147
3,1160902,945,10,4,2,4,147,71,14,90
7,1160902,1045,7,2,4,1,147,147,90,69
8,1160907,1245,22,4,1,17,379,90,379,358
2,1160908,945,20,1,17,2,358,69,358,47
9,1160908,1345,23,17,2,4,358,358,344,33
4,1160909,1045,8,2,4,2,149,47,33,135
3,1160909,1145,7,4,2,1,135,33,-65,37
10,1160910,945,6,2,1,3,325,135,37,227
3,1160910,1245,7,1,3,3,227,37,-112,78
10,1160912,945,8,3,3,2,238,227,78,89
3,1160912,1245,8,3,2,3,89,78,21,32
7,1160912,1345,6,2,3,1,103,89,32,46
3,1160913,945,5,3,1,1,81,32,67,81
1,1160913,1045,3,1,1,1,163,46,81,163
5,1160914,945,6,1,1,4,163,81,44,126
7,1160914,1245,8,1,4,3,163,163,126,72
8,1160920,945,14,4,3,7,348,126,348,294
2,1160920,1045,11,3,7,1,294,72,294,51
9,1160920,1245,10,7,1,2,294,294,284,41
4,1160921,945,5,1,2,2,51,51,41,39
8,1160922,945,9,2,2,5,149,41,149,147
2,1160922,1045,8,2,5,1,147,39,147,108
9,1160922,1145,7,5,1,1,147,147,84,45
4,1160922,1245,3,1,1,1,108,108,45,29
8,1160923,1345,8,1,1,6,94,45,94,78
2,1160926,1345,12,1,6,5,100,29,78,100
5,1160929,1045,13,6,5,2,149,78,127,149
1,1160930,945,11,5,2,4,167,100,149,167
5,1161003,945,11,2,4,5,167,149,82,100
7,1161003,1345,13,4,5,4,167,167,100,44
8,1161004,1145,12,5,4,3,122,100,122,66
2,1161004,1245,8,4,3,1,66,44,66,22
9,1161004,1345,5,3,1,1,73,66,73,29
2,1161005,945,3,1,1,1,58,22,29,58
5,1161005,1145,4,1,1,2,65,29,36,65
1,1161006,1045,7,1,2,4,65,58,65,59
6,1161007,945,10,2,4,4,68,65,68,62
2,1161007,1245,11,4,4,3,62,59,62,21
6,1161011,945,9,4,3,2,136,62,136,95
2,1161011,1145,7,3,2,2,200,21,95,200
5,1161013,945,12,2,2,8,200,95,34,139
7,1161013,1145,12,2,8,2,200,200,139,103
8,1161014,945,13,8,2,3,139,139,81,45
4,1161014,1145,7,2,3,2,135,103,45,77
3,1161014,1245,6,3,2,1,77,45,15,47
7,1161017,1045,6,2,1,3,164,77,47,134
3,1161017,1145,5,1,3,1,134,47,46,133
7,1161018,945,7,3,1,3,134,134,133,39
8,1161019,1245,12,1,3,8,240,133,240,146
2,1161020,945,13,3,8,2,146,39,146,65
9,1161020,1045,11,8,2,1,146,146,141,60
4,1161020,1145,4,2,1,1,65,65,60,40
8,1161021,945,5,1,1,3,87,60,87,67
2,1161021,1045,5,1,3,1,81,40,67,81
5,1161024,945,8,3,1,4,84,67,70,84
1,1161024,1045,6,1,4,1,84,81,84,56
6,1161024,1145,6,4,1,1,84,84,74,46
4,1161024,1345,4,1,1,2,56,56,46,19
8,1161025,1245,7,1,2,4,125,46,125,98
2,1161027,1045,14,2,4,8,134,19,98,134
5,1161027,1245,14,4,8,2,134,98,8,44
7,1161028,945,12,8,2,2,134,134,44,43
8,1161028,1245,7,2,2,3,44,44,25,24
4,1161031,945,7,2,3,2,130,43,24,111
3,1161031,1345,9,3,2,4,126,24,39,126
1,1161101,945,7,2,4,1,126,111,126,74
6,1161101,1045,6,4,1,1,126,126,118,66
4,1161104,945,16,1,1,14,253,74,66,245
3,1161107,1245,23,1,14,8,245,66,-26,153
10,1161108,1045,25,14,8,3,245,245,153,38
8,1161109,945,15,8,3,4,260,153,260,145
2,1161109,1345,11,3,4,4,416,38,145,416
5,1161110,1045,10,4,4,2,416,145,30,301
7,1161110,1245,8,4,2,2,416,416,301,21
8,1161110,1345,5,2,2,1,301,301,300,20
4,1161111,1045,5,2,1,2,242,21,20,241
3,1161111,1145,4,1,2,1,241,20,-179,42
10,1161114,1045,7,2,1,4,314,241,42,115
3,1161114,1145,6,1,4,1,115,42,38,111
7,1161115,945,8,4,1,3,115,115,111,92
8,1161115,1145,6,1,3,2,111,111,94,75
4,1161115,1345,7,3,2,2,92,92,75,38
8,1161116,1145,7,2,2,3,138,75,138,101
2,1161117,945,8,2,3,3,128,38,101,128
5,1161118,1245,14,3,3,8,128,101,73,100
7,1161121,945,13,3,8,2,128,128,100,35
8,1161121,1145,12,8,2,2,120,100,120,55
2,1161121,1245,5,2,2,1,55,35,55,18
9,1161122,1245,8,2,1,5,193,55,193,156
2,1161122,1345,7,1,5,1,156,18,156,26
9,1161123,1145,9,5,1,3,184,156,184,54
2,1161124,1045,8,1,3,4,75,26,54,75
5,1161124,1145,8,3,4,1,75,54,27,48
7,1161125,945,8,4,1,3,75,75,48,32
8,1161125,1045,5,1,3,1,75,48,75,59
2,1161128,945,8,3,1,4,59,32,59,42
6,1161128,1145,7,1,4,2,115,59,115,98
2,1161129,1045,10,4,2,4,98,42,98,52
9,1161129,1145,7,2,4,1,98,98,88,42
4,1161129,1345,7,4,1,2,52,52,42,40
8,1161130,945,4,1,2,1,49,42,49,47
2,1161130,1245,6,2,1,3,68,40,47,68
5,1161201,1145,8,1,3,4,102,47,81,102
1,1161202,945,10,3,4,3,131,68,102,131
5,1161205,945,12,4,3,5,131,102,6,35
7,1161205,1345,12,3,5,4,131,131,35,34
8,1161206,945,10,5,4,1,137,35,137,136
2,1161206,1345,9,4,1,4,136,34,136,26
9,1161207,945,6,1,4,1,156,136,156,46
2,1161207,1345,9,4,1,4,57,26,46,57
5,1161209,1045,12,1,4,7,151,46,140,151
1,1161209,1345,14,4,7,3,151,57,151,17
9,1161212,945,11,7,3,1,192,151,192,58
2,1161212,1145,6,3,1,2,90,17,58,90
5,1161212,1245,4,1,2,1,90,58,-6,26
10,1161213,945,5,2,1,2,102,90,26,38
3,1161214,945,8,1,2,5,75,26,63,75
1,1161214,1145,9,2,5,2,75,38,75,60
6,1161214,1345,9,5,2,2,75,75,44,29
4,1161215,1045,6,2,2,2,108,60,29,77
3,1161215,1345,7,2,2,3,77,29,21,69
7,1161219,1045,12,2,3,7,116,77,69,108
3,1161219,1245,12,3,7,2,108,69,-18,21
10,1161220,1145,13,7,2,4,165,108,21,78
3,1161221,945,9,2,4,3,78,21,3,60
7,1161221,1045,8,4,3,1,78,78,60,44
8,1161221,1145,5,3,1,1,60,60,43,27
4,1161223,945,10,1,1,8,179,44,27,162
3,1161223,1045,10,1,8,1,162,27,-78,57
10,1161223,1345,12,8,1,3,164,162,57,59
3,1161226,945,5,1,3,1,59,57,41,43
7,1161226,1045,5,3,1,1,59,59,43,42
8,1161227,945,6,1,1,4,43,43,42,41
4,1161228,945,10,1,4,5,42,42,41,25
8,1161228,1345,13,4,5,4,124,41,124,108
2,1161229,945,10,5,4,1,108,25,108,45
9,1161229,1045,6,4,1,1,108,108,106,43
4,1161229,1145,3,1,1,1,45,45,43,23
8,1161229,1245,3,1,1,1,43,43,43,23
2,1161229,1345,3,1,1,1,36,23,23,36
5,1161230,945,3,1,1,1,107,23,94,107
1,1170103,945,7,1,1,5,107,36,107,51
9,1170104,1045,12,1,5,6,120,107,120,64
2,1170105,945,15,5,6,4,64,51,64,29
6,1170105,1245,13,6,4,3,123,64,123,88
2,1170106,945,9,4,3,2,88,29,88,16
9,1170106,1245,8,3,2,3,109,88,109,37
2,1170106,1345,6,2,3,1,37,16,37,13
9,1170109,945,5,3,1,1,71,37,71,47
2,1170109,1045,3,1,1,1,84,13,47,84
5,1170109,1245,4,1,1,2,84,47,-5,32
10,1170110,945,5,1,2,2,88,84,32,36
3,1170110,1045,5,2,2,1,36,32,25,29
7,1170110,1145,4,2,1,1,37,36,29,30
3,1170111,945,5,1,1,3,76,29,75,76
1,1170111,1045,5,1,3,1,76,30,76,60
6,1170111,1145,5,3,1,1,76,76,42,26
4,1170111,1345,4,1,1,2,63,60,26,29
3,1170112,1045,5,1,2,2,100,26,97,100
1,1170112,1245,6,2,2,2,100,29,100,29
9,1170112,1345,5,2,2,1,100,100,89,18
4,1170113,945,4,2,1,1,72,29,18,61
3,1170113,1345,6,1,1,4,61,18,-25,18
10,1170116,945,6,1,4,1,148,61,18,105
3,1170118,945,15,4,1,10,105,18,-15,72
10,1170119,945,16,1,10,5,125,105,72,92
3,1170120,1145,22,10,5,7,92,72,64,84
7,1170123,945,15,5,7,3,92,92,84,20
8,1170123,1045,11,7,3,1,169,84,169,105
2,1170123,1345,7,3,1,3,105,20,105,23
9,1170124,945,5,1,3,1,132,105,132,50
2,1170124,1345,8,3,1,4,50,23,50,13
9,1170202,945,6,1,4,1,110,50,110,73
2,1170202,1345,9,4,1,4,137,13,73,137
5,1170203,945,6,1,4,1,137,73,21,85
7,1170203,1045,6,4,1,1,137,137,85,50
8,1170206,1245,9,1,1,7,160,85,160,125
2,1170207,945,10,1,7,2,125,50,125,51
9,1170209,1145,21,7,2,12,169,125,169,95
2,1170209,1245,15,2,12,1,95,51,95,18
9,1170210,1245,18,12,1,5,199,95,199,122
2,1170210,1345,7,1,5,1,122,18,122,43
9,1170214,945,12,5,1,6,195,122,195,116
2,1170214,1045,8,1,6,1,116,43,116,47
9,1170214,1145,8,6,1,1,120,116,120,51
2,1170214,1245,3,1,1,1,63,47,51,63
5,1170216,945,9,1,1,7,157,51,145,157
1,1170217,945,13,1,7,5,157,63,157,105
6,1170220,945,22,7,5,10,157,157,119,67
4,1170221,1245,23,5,10,8,124,105,67,86
3,1170222,945,20,10,8,2,99,67,80,99
1,1170223,945,15,8,2,5,99,86,99,72
6,1170223,1045,8,2,5,1,99,99,92,65
4,1170224,945,10,5,1,4,97,72,65,90
3,1170224,1045,6,1,4,1,90,65,31,56
7,1170224,1145,6,4,1,1,90,90,56,28
8,1170224,1245,3,1,1,1,56,56,46,18
4,1170301,1145,8,1,1,6,108,28,18,98
3,1170302,945,8,1,6,1,106,18,26,106
1,1170302,1245,10,6,1,3,141,98,106,141
5,1170302,1345,5,1,3,1,141,106,18,53
7,1170303,1045,6,3,1,2,161,141,53,73
3,1170303,1145,4,1,2,1,73,53,29,49
7,1170306,945,6,2,1,3,77,73,49,53
3,1170308,1245,17,1,3,13,146,49,142,146
1,1170309,1045,19,3,13,3,146,53,146,123
6,1170309,1345,19,13,3,3,146,146,46,23
4,1170310,945,7,3,3,1,210,123,23,110
3,1170313,1145,11,3,1,7,143,23,56,143
1,1170313,1345,10,1,7,2,143,110,143,20
9,1170314,1145,12,7,2,3,212,143,212,89
2,1170315,945,8,2,3,3,89,20,89,52
9,1170315,1145,8,3,3,2,89,89,74,37
4,1170315,1345,7,3,2,2,52,52,37,22
8,1170316,945,5,2,2,1,137,37,137,122
2,1170316,1345,7,2,1,4,122,22,122,27
9,1170317,1345,10,1,4,5,166,122,166,71
2,1170320,945,10,4,5,1,71,27,71,41
9,1170320,1145,8,5,1,2,83,71,83,53
2,1170320,1245,4,1,2,1,53,41,53,21
6,1170321,1145,7,2,1,4,125,53,125,93
2,1170322,945,8,1,4,3,129,21,93,129
5,1170323,945,12,4,3,5,129,93,65,101
7,1170324,1045,14,3,5,6,129,129,101,69
8,1170324,1145,12,5,6,1,101,101,64,32
4,1170327,945,10,6,1,3,108,69,32,71
3,1170327,1045,5,1,3,1,73,32,34,73
1,1170327,1345,7,3,1,3,73,71,73,52
6,1170328,945,5,1,3,1,83,73,83,62
2,1170328,1245,7,3,1,3,122,52,62,122
5,1170329,945,6,1,3,2,122,62,39,99
7,1170329,1245,8,3,2,3,122,122,99,53
8,1170330,945,7,2,3,2,99,99,83,37
4,1170331,1345,14,3,2,9,92,53,37,76
3,1170405,1145,14,2,9,3,127,37,88,127
1,1170405,1245,13,9,3,1,127,76,127,30
9,1170405,1345,5,3,1,1,156,127,156,59
2,1170407,1045,9,1,1,7,196,30,59,196
5,1170411,945,17,1,7,9,196,59,-14,123
10,1170411,1045,17,7,9,1,196,196,123,88
8,1170411,1345,13,9,1,3,123,123,59,24
4,1170412,945,5,1,3,1,119,88,24,55
3,1170412,1045,5,3,1,1,55,24,23,54
7,1170413,945,6,1,1,4,55,55,54,38
8,1170413,1245,8,1,4,3,79,54,79,63
2,1170414,1145,11,4,3,4,120,38,63,120
5,1170414,1245,8,3,4,1,120,63,-32,25
10,1170417,1045,8,4,1,3,175,120,25,80
3,1170418,945,8,1,3,4,92,25,37,92
1,1170418,1145,9,3,4,2,92,80,92,51
6,1170418,1345,8,4,2,2,92,92,62,21
4,1170420,945,10,2,2,6,188,51,21,158
3,1170420,1045,9,2,6,1,158,21,-81,56
10,1170420,1245,9,6,1,2,158,158,56,35
8,1170424,945,10,1,2,7,182,56,182,161
2,1170424,1045,10,2,7,1,161,35,161,82
9,1170426,1045,18,7,1,10,266,161,266,187
2,1170426,1245,13,1,10,2,187,82,187,45
9,1170426,1345,13,10,2,1,187,187,174,32
4,1170427,1045,5,2,1,2,63,45,32,50
3,1170428,945,7,1,2,4,76,32,58,76
1,1170428,1245,9,2,4,3,76,50,76,49
6,1170502,945,12,4,3,5,142,76,142,115
2,1170502,1345,9,3,5,1,115,49,115,20
9,1170503,1045,8,5,1,2,131,115,131,36
2,1170504,945,7,1,2,4,48,20,36,48
5,1170504,1245,9,2,4,3,48,36,35,47
7,1170505,1345,13,4,3,6,87,48,47,86
3,1170508,945,10,3,6,1,86,47,41,80
7,1170508,1045,8,6,1,1,86,86,80,64
8,1170509,945,6,1,1,4,115,80,115,99
2,1170509,1245,8,1,4,3,99,64,99,96
6,1170511,1045,15,4,3,8,102,99,102,99
2,1170511,1145,12,3,8,1,99,96,99,35
6,1170512,1045,13,8,1,4,99,99,98,34
4,1170512,1245,7,1,4,2,35,35,34,30
8,1170515,1045,10,4,2,4,57,34,57,53
2,1170515,1245,7,2,4,1,53,30,53,12
9,1170516,945,7,4,1,2,88,53,88,47
2,1170516,1245,6,1,2,3,54,12,47,54
5,1170516,1345,6,2,3,1,54,47,19,26
7,1170517,1245,8,3,1,4,79,54,26,51
3,1170517,1345,6,1,4,1,51,26,0,25
7,1170518,945,6,4,1,1,148,51,25,122
3,1170518,1145,4,1,1,2,122,25,-17,80
10,1170519,945,6,1,2,3,122,122,80,23
8,1170519,1145,7,2,3,2,81,80,81,24
2,1170519,1345,7,3,2,2,28,23,24,28
5,1170522,1045,6,2,2,2,47,24,43,47
1,1170522,1245,6,2,2,2,47,28,47,13
9,1170523,945,7,2,2,3,86,47,86,52
2,1170523,1345,8,2,3,3,52,13,52,24
9,1170524,1145,9,3,3,3,65,52,65,37
2,1170524,1345,8,3,3,2,37,24,37,11
9,1170526,945,11,3,2,6,138,37,138,112
2,1170526,1145,10,2,6,2,112,11,112,51
9,1170531,945,11,6,2,3,112,112,86,25
4,1170601,945,10,2,3,5,108,51,25,82
3,1170605,1345,27,3,5,19,184,25,127,184
1,1170606,945,25,5,19,1,184,82,184,23
9,1170606,1245,23,19,1,3,184,184,179,18
4,1170607,1145,8,1,3,4,42,23,18,37
3,1170608,1145,12,3,4,5,53,18,34,53
1,1170608,1345,11,4,5,2,53,37,53,13
9,1170609,945,8,5,2,1,87,53,87,47
2,1170612,945,8,2,1,5,142,13,47,142
5,1170612,1045,7,1,5,1,142,47,-46,49
10,1170613,945,10,5,1,4,146,142,49,53
3,1170613,1245,8,1,4,3,53,49,33,37
7,1170613,1345,8,4,3,1,53,53,37,21
8,1170614,945,5,3,1,1,59,37,59,43
2,1170614,1045,3,1,1,1,144,21,43,144
5,1170615,945,6,1,1,4,144,43,-50,51
10,1170615,1045,6,1,4,1,147,144,51,54
3,1170620,1145,21,4,1,16,335,51,332,335
1,1170621,945,20,1,16,3,335,54,335,86
9,1170621,1045,20,16,3,1,335,335,311,62
4,1170621,1145,5,3,1,1,86,86,62,34
8,1170621,1345,4,1,1,2,104,62,104,76
2,1170622,945,4,1,2,1,197,34,76,197
5,1170623,945,8,2,1,5,197,76,-50,71
10,1170623,1045,7,1,5,1,197,197,71,52
8,1170627,945,15,5,1,9,238,71,238,219
2,1170627,1045,11,1,9,1,219,52,219,59
9,1170627,1245,12,9,1,2,219,219,195,35
4,1170628,1045,6,1,2,3,165,59,35,141
3,1170629,945,9,2,3,4,141,35,3,109
7,1170630,945,12,3,4,5,192,141,109,160
3,1170703,945,14,4,5,5,160,109,42,93
7,1170703,1045,11,5,5,1,160,160,93,58
8,1170704,945,10,5,1,4,110,93,110,75
2,1170705,1045,11,1,4,6,135,58,75,135
5,1170706,945,14,4,6,4,158,75,98,158
1,1170706,1045,11,6,4,1,158,135,158,92
6,1170706,1145,6,4,1,1,158,158,102,36
4,1170710,945,10,1,1,8,149,92,36,93
3,1170710,1045,10,1,8,1,93,36,5,62
7,1170710,1345,12,8,1,3,93,93,62,40
8,1170712,945,10,1,3,6,203,62,203,181
2,1170712,1345,13,3,6,4,181,40,181,47
9,1170713,1145,13,6,4,3,240,181,240,106
2,1170714,945,10,4,3,3,106,47,106,51
9,1170714,1045,7,3,3,1,106,106,88,33
4,1170714,1345,7,3,1,3,51,51,33,25
8,1170717,945,5,1,3,1,89,33,89,81
2,1170718,945,9,3,1,5,81,25,81,73
6,1170719,1145,13,1,5,7,142,81,142,134
2,1170720,1045,16,5,7,4,171,73,134,171
5,1170720,1345,14,7,4,3,171,134,-12,25
10,1170721,1045,9,4,3,2,217,171,25,71
3,1170721,1245,7,3,2,2,71,25,-25,21
10,1170724,945,6,2,2,2,110,71,21,60
3,1170726,945,14,2,2,10,136,21,97,136
1,1170726,1345,16,2,10,4,136,60,136,101
6,1170727,1145,17,10,4,3,177,136,177,142
2,1170731,945,15,4,3,8,173,101,142,173
5,1170731,1145,13,3,8,2,173,142,36,67
7,1170731,1245,11,8,2,1,173,173,67,29
8,1170802,1245,13,2,1,10,182,67,182,144
2,1170803,945,13,1,10,2,1063,29,144,1063
5,1170803,1245,15,10,2,3,1063,144,103,1022
7,1170804,945,7,2,3,2,1063,1063,1022,29
8,1170807,1145,13,3,2,8,1131,1022,1131,138
2,1170808,1045,13,2,8,3,138,29,138,54
9,1170808,1145,12,8,3,1,145,138,145,61
2,1170811,945,17,3,1,13,321,54,61,321
5,1170814,945,19,1,13,5,321,61,-128,132
10,1170814,1345,22,13,5,4,323,321,132,134
3,1170815,945,10,5,4,1,134,132,106,108
7,1170815,1045,6,4,1,1,134,134,108,70
8,1170816,1245,9,1,1,7,108,108,96,58
4,1170816,1345,9,1,7,1,96,70,58,84
3,1170817,1245,12,7,1,4,89,58,63,89
1,1170818,945,7,1,4,2,124,84,89,124
5,1170822,1045,17,4,2,11,169,89,134,169
1,1170822,1345,16,2,11,3,169,124,169,21
9,1170823,945,15,11,3,1,214,169,214,66
2,1170823,1045,5,3,1,1,66,21,66,59
6,1170823,1245,4,1,1,2,66,66,33,26
4,1170823,1345,4,1,2,1,73,59,26,40
3,1170825,1145,11,2,1,8,149,26,135,149
1,1170828,945,12,1,8,3,149,40,149,33
9,1170828,1045,12,8,3,1,174,149,174,58
2,1170828,1145,5,3,1,1,58,33,58,50
6,1170828,1345,4,1,1,2,58,58,38,30
4,1170829,1045,5,1,2,2,94,50,30,74
3,1170829,1245,6,2,2,2,74,30,12,56
7,1170829,1345,5,2,2,1,74,74,56,22
8,1170830,945,4,2,1,1,131,56,131,97
2,1170830,1045,3,1,1,1,97,22,97,59
9,1170831,945,6,1,1,4,126,97,126,88
2,1170831,1145,8,1,4,3,88,59,88,49
6,1170901,1045,10,4,3,3,105,88,105,66
2,1170901,1245,8,3,3,2,66,49,66,27
6,1170901,1345,6,3,2,1,66,66,54,15
4,1170904,945,4,2,1,1,65,27,15,53
3,1170904,1045,3,1,1,1,53,15,8,46
7,1170905,945,6,1,1,4,58,53,46,51
3,1170905,1345,9,1,4,4,57,46,52,57
1,1170906,1145,11,4,4,3,102,51,57,102
5,1170907,945,10,4,3,3,102,57,40,85
7,1170907,1345,10,3,3,4,108,102,85,91
3,1170911,945,13,3,4,6,158,85,152,158
1,1170911,1145,12,4,6,2,158,91,158,100
6,1170912,945,11,6,2,3,158,158,137,79
4,1170912,1045,7,2,3,2,100,100,79,50
8,1170912,1245,6,3,2,1,79,79,58,29
4,1170913,1045,6,2,1,3,104,50,29,83
3,1170913,1245,6,1,3,2,83,29,-14,40
10,1170914,945,7,3,2,2,107,83,40,64
3,1170914,1245,7,2,2,3,64,40,35,59
7,1170915,1045,8,2,3,3,64,64,59,54
8,1170919,945,15,3,3,9,172,59,172,167
2,1170921,945,22,3,9,10,185,54,167,185
5,1170921,1245,22,9,10,3,185,167,92,110
7,1170926,1345,29,10,3,16,397,185,110,322
3,1170927,1045,21,3,16,2,322,110,-133,79
10,1170927,1245,20,16,2,2,322,322,79,31
8,1170928,945,6,2,2,2,89,79,89,41
2,1170928,1045,5,2,2,1,84,31,41,84
5,1170928,1145,4,2,1,1,84,41,24,67
7,1170929,1045,6,1,1,4,87,84,67,70
3,1170929,1245,7,1,4,2,70,67,59,62
7,1170929,1345,7,4,2,1,70,70,62,20
8,1170930,1045,5,2,1,2,131,62,131,89
2,1170930,1145,4,1,2,1,89,20,89,20
9,1171002,1145,8,2,1,5,153,89,153,84
2,1171003,945,9,1,5,3,84,20,84,31
9,1171005,1245,16,5,3,8,145,84,145,92
2,1171005,1345,12,3,8,1,92,31,92,19
9,1171006,945,10,8,1,1,115,92,115,42
2,1171006,1045,3,1,1,1,46,19,42,46
5,1171006,1145,3,1,1,1,46,42,25,29
7,1171006,1245,3,1,1,1,46,46,29,22
8,1171011,945,4,1,1,2,152,29,152,145
2,1171011,1145,5,1,2,2,145,22,145,83
9,1171012,1345,11,2,2,7,202,145,202,140
2,1171013,1245,13,2,7,4,140,83,140,35
9,1171016,945,13,7,4,2,192,140,192,87
2,1171016,1045,7,4,2,1,87,35,87,47
9,1171017,945,7,2,1,4,111,87,111,71
2,1171017,1045,6,1,4,1,71,47,71,49
6,1171017,1145,6,4,1,1,71,71,47,25
4,1171017,1345,4,1,1,2,61,49,25,37
3,1171018,945,4,1,2,1,63,25,51,63
1,1171018,1145,5,2,1,2,97,37,63,97
5,1171019,1045,7,1,2,4,114,63,80,114
1,1171020,945,10,2,4,4,114,97,114,100
6,1171020,1045,9,4,4,1,114,114,78,64
4,1171020,1345,8,4,1,3,100,100,64,38
8,1171023,945,5,1,3,1,86,64,86,60
2,1171023,1245,7,3,1,3,66,38,60,66
5,1171023,1345,5,1,3,1,66,60,25,31
7,1171024,945,5,3,1,1,77,66,31,42
3,1171025,945,7,1,1,5,73,31,62,73
1,1171026,945,11,1,5,5,89,42,73,89
5,1171026,1045,11,5,5,1,89,73,41,57
7,1171026,1345,9,5,1,3,89,89,57,24
8,1171027,1045,6,1,3,2,99,57,99,66
2,1171027,1345,8,3,2,3,108,24,66,108
5,1171030,945,6,2,3,1,136,66,94,136
1,1171030,1045,5,3,1,1,136,108,136,96
6,1171030,1345,5,1,1,3,136,136,85,45
4,1171031,945,5,1,3,1,96,96,45,39
8,1171101,945,9,3,1,5,102,45,102,96
2,1171101,1245,9,1,5,3,96,39,96,51
9,1171101,1345,9,5,3,1,96,96,80,35
4,1171102,945,5,3,1,1,68,51,35,52
3,1171103,945,7,1,1,5,52,35,35,52
1,1171103,1245,9,1,5,3,55,52,52,55
5,1171106,945,10,5,3,2,73,52,70,73
1,1171106,1045,6,3,2,1,83,55,73,83
5,1171107,1345,11,2,1,8,83,73,70,80
7,1171108,945,10,1,8,1,83,83,80,29
8,1171108,1045,10,8,1,1,80,80,79,28
4,1171110,945,11,1,1,9,163,29,28,162
3,1171110,1345,14,1,9,4,162,28,-59,75
10,1171113,945,14,9,4,1,162,162,75,47
8,1171113,1145,7,4,1,2,75,75,64,36
4,1171114,1245,9,1,2,6,99,47,36,88
3,1171114,1345,9,2,6,1,88,36,0,52
7,1171115,1245,11,6,1,4,124,88,52,88
3,1171115,1345,6,1,4,1,88,52,1,37
7,1171116,945,6,4,1,1,111,88,37,60
3,1171116,1145,4,1,1,2,60,37,32,55
7,1171116,1345,5,1,2,2,60,60,55,18
8,1171120,945,10,2,2,6,140,55,140,103
2,1171120,1245,11,2,6,3,103,18,103,65
9,1171122,1045,17,6,3,8,261,103,261,223
2,1171122,1345,14,3,8,3,223,65,223,69
9,1171123,1245,15,8,3,4,223,223,203,49
4,1171124,945,9,3,4,2,69,69,49,28
8,1171124,1045,7,4,2,1,49,49,44,23
4,1171124,1245,5,2,1,2,28,28,23,11
8,1171124,1345,4,1,2,1,27,23,27,15
2,1171128,945,9,2,1,6,153,11,15,153
5,1171128,1045,8,1,6,1,153,15,-88,50
10,1171128,1245,9,6,1,2,161,153,50,58
3,1171129,945,5,1,2,2,68,50,60,68
1,1171129,1145,6,2,2,2,68,58,68,55
6,1171129,1345,6,2,2,2,68,68,35,22
4,1171130,1345,9,2,2,5,194,55,22,161
3,1171201,945,8,2,5,1,161,22,-99,40
10,1171201,1045,7,5,1,1,235,161,40,114
3,1171201,1345,5,1,1,3,169,40,95,169
1,1171204,945,5,1,3,1,169,114,169,100
6,1171204,1245,8,3,1,4,169,169,156,87
4,1171207,945,16,1,4,11,318,100,87,305
3,1171207,1045,16,4,11,1,305,87,-137,81
10,1171207,1145,13,11,1,1,320,305,81,96
3,1171208,945,5,1,1,3,96,81,67,82
7,1171208,1045,5,1,3,1,96,96,82,77
8,1171211,1145,10,3,1,6,166,82,166,161
2,1171212,1145,12,1,6,5,161,77,161,111
6,1171213,945,14,6,5,3,161,161,139,89
4,1171213,1345,12,5,3,4,111,111,89,43
8,1171214,945,8,3,4,1,196,89,196,150
2,1171215,1045,11,4,1,6,161,43,150,161
5,1171218,945,11,1,6,4,161,150,99,110
7,1171218,1145,12,6,4,2,161,161,110,61
8,1171219,945,9,4,2,3,110,110,109,60
4,1171219,1345,9,2,3,4,88,61,60,87
3,1171220,1245,11,3,4,4,87,60,39,66
7,1171222,945,15,4,4,7,87,87,66,36
8,1171222,1145,13,4,7,2,66,66,60,30
4,1171222,1245,10,7,2,1,36,36,30,21
8,1171225,945,5,2,1,2,91,30,91,82
2,1171227,945,13,1,2,10,171,21,82,171
5,1171227,1245,15,2,10,3,171,82,3,92
7,1171227,1345,14,10,3,1,171,171,92,30
8,1171228,1045,6,3,1,2,200,92,200,138
2,1171228,1145,4,1,2,1,138,30,138,57
9,1171229,1245,9,2,1,6,189,138,189,108
2,1171229,1345,8,1,6,1,108,57,108,36
9,1180102,1145,10,6,1,3,153,108,153,81
2,1180102,1245,5,1,3,1,81,36,81,19
9,1180103,1045,7,3,1,3,189,81,189,127
2,1180103,1145,5,1,3,1,127,19,127,31
9,1180104,945,7,3,1,3,163,127,163,67
2,1180104,1245,7,1,3,3,67,31,67,35
9,1180105,945,8,3,3,2,93,67,93,61
2,1180105,1045,6,3,2,1,61,35,61,58
6,1180108,1045,8,2,1,5,102,61,102,99
2,1180108,1245,8,1,5,2,99,58,99,38
9,1180109,945,9,5,2,2,108,99,108,47
2,1180109,1045,5,2,2,1,59,38,47,59
5,1180110,945,7,2,1,4,59,47,42,54
7,1180111,1045,11,1,4,6,144,59,54,139
3,1180112,1145,16,4,6,6,139,54,48,133
7,1180112,1345,14,6,6,2,139,139,133,23
8,1180115,1345,13,6,2,5,193,133,193,83
2,1180116,945,8,2,5,1,83,23,83,40
9,1180116,1345,10,5,1,4,111,83,111,68
2,1180117,945,6,1,4,1,68,40,68,46
6,1180118,1245,13,4,1,8,219,68,219,197
2,1180118,1345,10,1,8,1,197,46,197,86
9,1180123,1045,21,8,1,12,313,197,313,202
2,1180124,1045,18,1,12,5,202,86,202,163
6,1180125,945,21,12,5,4,220,202,220,181
2,1180126,945,14,5,4,5,192,163,181,192
5,1180129,945,14,4,5,5,192,181,148,159
7,1180129,1145,12,5,5,2,192,192,159,83
8,1180129,1345,9,5,2,2,159,159,126,50
4,1180130,945,5,2,2,1,97,83,50,64
3,1180130,1045,4,2,1,1,64,50,35,49
7,1180131,945,6,1,1,4,188,64,49,173
3,1180201,1045,11,1,4,6,182,49,58,182
1,1180202,945,14,4,6,4,182,173,182,158
6,1180202,1345,14,6,4,4,182,182,113,89
4,1180205,945,9,4,4,1,351,158,89,282
3,1180205,1345,9,4,1,4,282,89,-89,104
10,1180206,1245,9,1,4,4,888,282,104,710
3,1180207,1045,11,4,4,3,710,104,-179,427
10,1180208,1045,12,4,3,5,710,710,427,177
8,1180208,1345,11,3,5,3,427,427,298,48
4,1180209,945,9,5,3,1,548,177,48,419
3,1180212,1045,10,3,1,6,419,48,-54,317
10,1180212,1345,10,1,6,3,419,419,317,43
8,1180221,1145,12,6,3,3,591,317,591,317
2,1180221,1245,7,3,3,1,317,43,317,40
9,1180221,1345,5,3,1,1,323,317,323,46
2,1180222,945,3,1,1,1,125,40,46,125
5,1180222,1145,4,1,1,2,125,46,-22,57
10,1180222,1345,5,1,2,2,125,125,57,41
8,1180223,1145,7,2,2,3,182,57,182,166
2,1180223,1245,6,2,3,1,166,41,166,29
9,1180226,945,6,3,1,2,259,166,259,122
2,1180226,1045,4,1,2,1,122,29,122,63
9,1180227,945,7,2,1,4,168,122,168,109
2,1180301,945,10,1,4,5,314,63,109,314
5,1180301,1145,11,4,5,2,314,109,-30,175
10,1180302,945,10,5,2,3,335,314,175,196
3,1180305,1045,11,2,3,6,196,175,141,162
7,1180305,1145,10,3,6,1,196,196,162,143
8,1180305,1245,8,6,1,1,162,162,73,54
4,1180305,1345,3,1,1,1,143,143,54,46
8,1180306,945,3,1,1,1,176,54,176,168
2,1180306,1045,4,1,1,2,168,46,168,62
9,1180307,1045,7,1,2,4,211,168,211,105
2,1180307,1345,9,2,4,3,111,62,105,111
5,1180308,1145,10,4,3,3,141,105,135,141
1,1180308,1345,8,3,3,2,141,111,141,24
9,1180309,945,6,3,2,1,204,141,204,87
2,1180309,1045,4,2,1,1,87,24,87,83
6,1180309,1145,3,1,1,1,87,87,45,41
4,1180309,1245,3,1,1,1,83,83,41,41
8,1180312,1245,7,1,1,5,198,41,198,198
1,1180312,1345,7,1,5,1,198,41,198,27
9,1180313,1345,11,5,1,5,276,198,276,105
2,1180314,1145,9,1,5,3,105,27,105,100
6,1180314,1345,10,5,3,2,105,105,52,47
4,1180315,945,6,3,2,1,118,100,47,65
3,1180315,1145,5,2,1,2,83,47,65,83
1,1180316,1145,8,1,2,5,145,65,83,145
5,1180319,1045,11,2,5,4,145,83,69,131
7,1180320,945,13,5,4,4,145,145,131,97
8,1180321,945,13,4,4,5,150,131,150,116
2,1180321,1045,10,4,5,1,116,97,116,62
6,1180321,1145,7,5,1,1,116,116,95,41
4,1180321,1245,3,1,1,1,62,62,41,19
8,1180322,945,4,1,1,2,111,41,111,89
2,1180323,945,8,1,2,5,404,19,89,404
5,1180323,1045,8,2,5,1,404,89,-217,98
10,1180326,945,10,5,1,4,440,404,98,134
3,1180326,1045,6,1,4,1,134,98,94,130
7,1180326,1145,6,4,1,1,134,134,130,54
8,1180327,1345,9,1,1,7,309,130,309,233
2,1180328,945,9,1,7,1,233,54,233,134
9,1180328,1045,9,7,1,1,233,233,152,53
4,1180329,1045,7,1,1,5,218,134,53,137
3,1180329,1245,8,1,5,2,137,53,2,86
7,1180329,1345,8,5,2,1,137,137,86,36
8,1180330,1145,6,2,1,3,201,86,201,151
2,1180330,1345,6,1,3,2,151,36,151,70
9,1180331,1145,8,3,2,3,151,151,119,38
4,1180331,1345,7,2,3,2,70,70,38,30
8,1180402,945,6,3,2,1,54,38,54,46
2,1180402,1145,5,2,1,2,115,30,46,115
5,1180402,1245,4,1,2,1,115,46,-10,59
10,1180403,1045,6,2,1,3,220,115,59,164
3,1180409,945,8,1,3,4,164,59,55,160
7,1180409,1045,8,3,4,1,164,164,160,85
8,1180410,1145,11,4,1,6,255,160,255,180
2,1180410,1345,9,1,6,2,180,85,180,69
9,1180411,945,9,6,2,1,194,180,194,83
2,1180411,1245,6,2,1,3,83,69,83,47
6,1180412,945,6,1,3,2,100,83,100,64
2,1180412,1145,7,3,2,2,119,47,64,119
5,1180413,1045,8,2,2,4,119,64,28,83
7,1180413,1145,7,2,4,1,119,119,83,68
8,1180416,945,8,4,1,3,83,83,71,56
4,1180416,1045,5,1,3,1,80,68,56,68
3,1180417,945,8,3,1,4,68,56,43,55
7,1180417,1345,9,1,4,4,174,68,55,161
3,1180418,1045,10,4,4,2,161,55,1,107
7,1180418,1245,8,4,2,2,174,161,107,120
3,1180419,1145,8,2,2,4,186,107,173,186
1,1180419,1245,7,2,4,1,186,120,186,27
9,1180419,1345,6,4,1,1,186,186,186,27
2,1180425,1045,19,1,1,17,507,27,27,507
5,1180426,945,22,1,17,4,507,27,-327,153
10,1180426,1345,25,17,4,4,507,507,153,151
8,1180427,945,9,4,4,1,153,153,97,95
4,1180427,1045,6,4,1,1,151,151,95,82
8,1180502,945,11,1,1,9,200,95,200,187
2,1180503,1145,17,1,9,7,187,82,187,182
6,1180503,1345,18,9,7,2,187,187,57,52
4,1180504,1045,11,7,2,2,202,182,52,72
3,1180507,945,8,2,2,4,147,52,127,147
1,1180507,1045,7,2,4,1,147,72,147,86
6,1180509,945,14,4,1,9,263,147,263,202
2,1180509,1345,14,1,9,4,202,86,202,37
9,1180510,1045,15,9,4,2,242,202,242,77
2,1180510,1245,8,4,2,2,77,37,77,31
9,1180514,1345,15,2,2,11,274,77,274,228
2,1180516,945,19,2,11,6,228,31,228,129
9,1180516,1245,20,11,6,3,228,228,164,65
4,1180516,1345,10,6,3,1,129,129,65,39
8,1180517,945,5,3,1,1,89,65,89,63
2,1180517,1345,6,1,1,4,105,39,63,105
5,1180518,945,6,1,4,1,105,63,8,50
7,1180518,1045,6,4,1,1,123,105,50,68
